,Performance,Duels aériens,,Clt,Joueur,Nation,Pos,Équipe,Âge,Naissance,90,CJ,CR,2CrtJ,Fte,Ftp,HJ,Ctr,Int,TclR,Préussi,Pcon,CSC,Récupération,Gagnés,Perdus,% gagnés,Matchs
Keyliane Abdallah,fr FRA,AT,Marseille,18-276,2006,0.0,0,0,0,0,0,0,0,0,1,0,0,0,0,0,0,,Matchs
Yunis Abdelhamid,ma MAR,DF,Saint-Étienne,37-100,1987,10.4,2,0,0,16,6,0,0,12,11,0,0,0,38,19,8,70.4,Matchs
Himad Abdelli,dz ALG,MT,AT,Angers,25-050,1999,15.8,1,0,0,23,17,2,31,12,17,0,0,0,87,8,12,40.0,Matchs
Mohamed Abdelmoneim,eg EGY,DF,Nice,25-340,1999,6.8,2,0,0,4,6,0,0,13,12,0,0,0,31,22,13,62.9,Matchs
Ali Abdi,tn TUN,DF,MT,Nice,31-017,1993,6.5,1,0,0,10,3,1,17,3,10,0,0,0,34,9,7,56.3,Matchs
Matthis Abline,fr FRA,AT,Nantes,21-284,2003,13.6,1,0,0,13,19,2,15,2,3,0,0,0,36,21,24,46.7,Matchs
Abner,br BRA,DF,Lyon,24-224,2000,8.3,1,0,0,11,3,0,22,5,13,0,0,0,33,5,6,45.5,Matchs
Zakaria Aboukhlal,ma MAR,MT,AT,Toulouse,24-323,2000,13.9,3,0,0,26,13,4,24,6,8,1,0,0,37,17,22,43.6,Matchs
Akor Adams,ng NGA,AT,Montpellier,24-343,2000,10.9,2,0,0,17,7,15,4,1,3,1,0,0,22,25,23,52.1,Matchs
Martin Adeline,fr FRA,MT,Reims,21-035,2003,0.3,0,0,0,0,1,0,0,0,1,0,0,0,0,0,1,0.0,Matchs
Adryelson,br BRA,DF,Lyon,26-289,1998,0.0,1,0,0,0,0,0,0,1,0,0,0,0,0,1,0,100.0,Matchs
Emmanuel Agbadou,ci CIV,DF,Reims,27-203,1997,14.0,3,0,0,13,6,0,1,19,17,0,0,0,85,18,11,62.1,Matchs
Ruben Aguilar,fr FRA,DF,Lens,31-255,1993,3.0,1,0,0,5,2,1,9,5,6,0,0,0,21,2,2,50.0,Matchs
Jean-Eudes Aholou,ci CIV,MT,Angers,30-292,1994,13.0,3,0,0,26,13,1,2,27,22,0,0,0,68,21,14,60.0,Matchs
Ayman Aiki,fr FRA,AT,MT,Saint-Étienne,19-195,2005,1.4,0,0,0,4,1,0,1,1,3,0,0,0,7,1,4,20.0,Matchs
Ludovic Ajorque,fr FRA,AT,Brest,30-316,1994,11.6,3,0,0,26,13,7,2,3,9,2,0,0,25,59,49,54.6,Matchs
Ümit Akdag,ro ROU,DF,Toulouse,21-092,2003,2.5,0,0,0,5,0,0,1,10,2,0,0,0,15,14,3,82.4,Matchs
Sergio Akieme,es ESP,DF,Reims,27-021,1997,12.8,1,0,0,14,9,0,40,9,12,0,0,0,45,13,13,50.0,Matchs
Maghnes Akliouche,fr FRA,AT,MT,Monaco,22-316,2002,11.6,0,0,0,13,16,5,29,8,16,0,0,0,69,2,6,25.0,Matchs
Clément Akpa,ci CIV,DF,Auxerre,23-043,2001,12.8,3,0,0,4,17,0,22,16,18,0,1,0,68,15,15,50.0,Matchs
Mohamed Ali Cho,fr FRA,AT,MT,Nice,20-353,2004,8.8,1,0,0,7,23,8,27,1,3,0,0,0,36,6,13,31.6,Matchs
Jim Allevinah,ga GAB,AT,Angers,29-314,1995,9.0,2,0,0,8,14,4,14,4,6,0,0,0,34,7,10,41.2,Matchs
Jordan Amavi,fr FRA,DF,Brest,30-303,1994,8.3,2,0,0,15,6,0,14,7,17,0,2,0,33,15,6,71.4,Matchs
Kelvin Amian,fr FRA,DF,MT,Nantes,26-333,1998,10.9,1,0,0,14,3,0,17,2,17,0,0,0,32,9,7,56.3,Matchs
Michael Amir Murillo,pa PAN,DF,Marseille,28-330,1996,13.8,0,0,0,12,11,1,11,11,15,0,0,0,68,19,5,79.2,Matchs

Mathis Amougou,fr FRA,MT,Saint-Étienne,18-354,2006,8.0,2,0,0,6,4,0,1,12,9,0,0,0,30,2,10,16.7,Matchs
Benjamin André,fr FRA,MT,Lille,34-156,1990,13.9,7,0,0,21,22,2,7,18,15,1,0,0,90,54,38,58.7,Matchs
Dennis Appiah,fr FRA,DF,Saint-Étienne,32-211,1992,12.3,1,0,0,17,4,0,28,11,22,0,2,0,48,12,12,50.0,Matchs
Carlens Arcus,ht HAI,DF,Angers,28-192,1996,14.0,2,0,0,23,9,1,30,19,22,0,0,0,47,20,12,62.5,Matchs
Hákon Arnar Haraldsson,is ISL,MT,Lille,21-271,2003,4.8,2,0,0,7,7,1,5,3,5,0,0,0,21,0,3,0.0,Matchs
Marco Asensio,es ESP,AT,MT,Paris S-G,28-351,1996,6.8,0,0,0,1,4,3,12,0,3,0,0,0,17,1,2,33.3,Matchs
Lorenz Assignon,tg TOG,DF,MT,Rennes,24-198,2000,10.5,5,0,0,26,12,1,21,12,11,0,1,0,39,14,8,63.6,Matchs
Dehmaine Assoumani,fr FRA,MT,AT,Nantes,19-264,2005,0.4,0,0,0,1,2,0,4,1,2,0,0,0,3,0,1,0.0,Matchs
Valentin Atangana Edoa,fr FRA,MT,Reims,19-134,2005,14.7,4,0,0,24,27,2,13,19,24,0,0,0,63,17,15,53.1,Matchs
Florian Ayé,fr FRA,AT,Auxerre,27-353,1997,3.5,0,0,0,6,4,2,1,3,2,0,0,0,8,8,16,33.3,Matchs
André Ayew,gh GHA,AT,Le Havre,35-020,1989,6.6,0,0,0,5,14,3,1,1,5,0,0,0,10,18,15,54.5,Matchs
Neil El Aynaoui,fr FRA,MT,Lens,23-188,2001,3.2,1,0,0,9,3,0,3,2,8,0,0,0,17,5,2,71.4,Matchs
Shavy Babicka,ga GAB,MT,AT,Toulouse,24-219,2000,5.8,1,0,0,10,10,2,18,1,10,0,0,0,27,2,3,40.0,Matchs
Theo Bair,ca CAN,AT,Auxerre,25-132,1999,4.7,1,0,0,10,2,6,4,0,1,0,0,0,3,26,17,60.5,Matchs
Mitchel Bakker,nl NED,DF,AT,Lille,24-200,2000,4.3,0,1,0,5,1,1,19,7,11,0,0,0,17,2,3,40.0,Matchs
Darryl Bakola,fr FRA,DF,Marseille,17-037,2007,0.1,0,0,0,2,0,0,0,0,1,0,0,0,1,0,0,,Matchs
Dilane Bakwa,fr FRA,MT,AT,Strasbourg,22-133,2002,15.5,0,0,0,12,48,3,73,7,10,0,0,0,48,7,4,63.6,Matchs
Leonardo Balerdi,ar ARG,DF,Marseille,25-346,1999,12.0,4,1,1,12,9,0,0,14,18,0,0,1,60,13,10,56.5,Matchs
Folarin Balogun,us USA,AT,Monaco,23-187,2001,5.2,0,0,0,4,6,4,3,0,0,0,0,0,7,1,11,8.3,Matchs
Abdoulaye Bamba,ci CIV,DF,Angers,34-256,1990,6.8,1,0,0,3,3,0,1,7,6,0,0,0,19,5,3,62.5,Matchs
Mohamed Bamba,ci CIV,MT,Reims,20-090,2004,0.0,0,0,0,0,0,0,0,0,0,0,0,0,0,0,2,0.0,Matchs
Bradley Barcola,fr FRA,AT,Paris S-G,22-126,2002,11.7,0,0,0,12,12,4,13,8,6,0,0,0,29,9,5,64.3,Matchs
Melvin Bard,fr FRA,DF,MT,Nice,24-061,2000,7.5,2,0,0,6,7,0,21,7,13,0,0,0,40,7,10,41.2,Matchs
Gabriel Bares,ch SUI,MT,DF,Montpellier,24-130,2000,0.6,0,0,0,0,1,0,1,1,2,0,0,0,1,0,1,0.0,Matchs
Dylan Batubinsika,cd COD,DF,Saint-Étienne,28-326,1996,14.6,1,0,0,16,9,0,0,29,8,0,1,1,43,27,11,71.1,Matchs

Haris Belkebla,dz ALG,MT,Angers,30-344,1994,11.0,0,0,0,8,14,1,2,18,14,0,0,0,38,6,12,33.3,Matchs
Yassin Belkhdim,fr FRA,MT,AT,Angers,22-327,2002,6.4,2,0,0,12,8,0,4,9,15,0,0,0,41,1,5,16.7,Matchs
Eliesse Ben Seghir,ma MAR,MT,AT,Monaco,19-325,2005,11.6,0,0,0,21,42,1,23,6,16,0,0,0,53,5,13,27.8,Matchs
Saïd Benrahma,dz ALG,AT,MT,Lyon,29-149,1995,7.3,0,0,0,6,6,5,37,2,4,0,0,0,27,0,0,,Matchs
Lucas Beraldo,br BRA,DF,Paris S-G,21-043,2003,9.1,4,0,0,14,5,1,2,8,14,0,1,0,42,8,7,53.3,Matchs
Dimitry Bertaud,cd COD,GB,Montpellier,26-214,1998,3.0,0,0,0,0,0,0,0,0,0,0,0,0,0,0,0,,Matchs
Emmanuel Biumla,fr FRA,DF,Angers,19-243,2005,9.1,0,0,0,5,5,0,0,7,7,0,0,0,21,10,6,62.5,Matchs
Marco Bizot,nl NED,GB,Brest,33-302,1991,15.0,1,0,0,0,1,0,0,0,1,0,0,0,18,2,0,100.0,Matchs
Ludovic Blas,fr FRA,MT,AT,Rennes,27-006,1997,14.5,3,0,0,16,33,0,73,5,14,1,0,0,55,8,24,25.0,Matchs
Augustine Boakye,gh GHA,MT,AT,Saint-Étienne,24-064,2000,4.5,4,0,0,13,3,0,3,4,2,0,0,0,9,4,8,33.3,Matchs
Jeremie Boga,ci CIV,MT,AT,Nice,28-003,1997,6.9,0,0,0,0,8,4,16,2,4,0,0,0,28,1,2,33.3,Matchs
Moïse Bombito,ca CAN,DF,Nice,24-282,2000,12.7,2,1,1,10,4,0,0,9,12,0,1,1,52,20,27,42.6,Matchs
Saïmon Bouabré,fr FRA,MT,Monaco,18-219,2006,0.1,0,0,0,1,0,0,0,0,0,0,0,0,1,0,0,,Matchs
Ayyoub Bouaddi,fr FRA,MT,Lille,17-096,2007,5.8,1,0,0,8,4,0,0,6,15,0,0,0,30,2,7,22.2,Matchs
Badredine Bouanani,dz ALG,MT,AT,Nice,20-029,2004,6.3,2,0,0,6,10,1,17,5,2,0,0,0,19,1,10,9.1,Matchs
Benjamin Bouchouari,ma MAR,MT,Saint-Étienne,23-054,2001,8.2,2,0,0,6,13,0,2,9,12,0,0,0,52,2,8,20.0,Matchs
Hicham Boudaoui,dz ALG,MT,Nice,25-105,1999,11.9,5,0,0,20,18,0,5,13,19,0,0,0,76,9,17,34.6,Matchs
Benjamin Bourigeaud,fr FRA,MT,Rennes,30-358,1994,0.9,0,0,0,0,0,0,6,2,0,0,0,0,4,2,2,50.0,Matchs
Bilal Brahimi,dz ALG,MT,Nice,24-298,2000,0.8,0,0,0,3,0,0,5,0,0,0,0,0,1,0,0,,Matchs
Lilian Brassier,fr FRA,DF,Marseille,25-065,1999,7.0,2,0,0,5,2,0,4,4,5,0,0,0,30,16,6,72.7,Matchs
Aurélio Buta,pt POR,DF,Reims,27-331,1997,10.9,4,0,0,19,17,1,12,11,16,0,1,0,40,5,8,38.5,Matchs
Marcin Bułka,pl POL,GB,Nice,25-094,1999,16.0,0,0,0,0,3,0,0,0,0,0,0,0,23,4,0,100.0,Matchs
Rémy Cabella,fr FRA,MT,AT,Lille,34-304,1990,6.2,1,0,0,9,10,0,28,7,12,1,0,0,36,1,4,20.0,Matchs
Mathieu Cafaro,fr FRA,MT,AT,Saint-Étienne,27-287,1997,7.6,3,1,0,11,14,3,26,7,6,0,1,0,28,3,4,42.9,Matchs
Duje Ćaleta-Car,hr CRO,DF,Lyon,28-111,1996,12.9,6,0,0,18,6,2,1,12,8,0,0,0,44,26,9,74.3,Matchs

Issiaga Camara,gn GUI,MT,Nice,19-339,2005,0.2,0,0,0,0,2,0,0,3,1,0,0,0,4,0,1,0.0,Matchs
Lamine Camara,sn SEN,MT,Monaco,21-005,2004,10.3,7,1,1,24,15,0,34,18,29,0,0,0,70,7,12,36.8,Matchs
Mahdi Camara,fr FRA,MT,Brest,26-190,1998,12.5,2,0,0,12,19,2,18,13,18,0,0,0,46,6,9,40.0,Matchs
Axel Camblan,fr FRA,MT,AT,Brest,21-129,2003,0.3,0,0,0,0,0,0,1,0,1,0,0,0,0,0,1,0.0,Matchs
Jaydee Canvot,fr FRA,MT,DF,Toulouse,18-161,2006,1.0,0,0,0,2,1,0,0,0,1,0,0,0,7,2,1,66.7,Matchs
Pierrick Capelle,fr FRA,MT,Angers,37-266,1987,3.1,2,0,0,3,1,1,7,6,7,0,0,0,16,3,3,50.0,Matchs
Maxence Caqueret,fr FRA,MT,Lyon,24-326,2000,6.4,1,0,0,4,6,1,6,7,11,0,0,0,24,1,3,25.0,Matchs
Valentin Carboni,ar ARG,MT,AT,Marseille,19-307,2005,1.1,1,0,0,5,1,0,2,1,2,0,0,0,2,2,1,66.7,Matchs
Patrik Carlgren,se SWE,GB,Nantes,32-364,1992,3.0,0,0,0,0,0,0,0,0,0,0,0,0,3,0,0,,Matchs
Josué Casimir,fr FRA,AT,DF,Le Havre,23-104,2001,7.5,3,0,0,12,17,4,17,1,9,2,0,0,25,3,13,18.8,Matchs
Cristian Cásseres Jr.,ve VEN,MT,Toulouse,24-352,2000,13.3,7,0,0,35,20,0,19,23,32,0,0,0,67,13,11,54.2,Matchs
Jean-Charles Castelletto,cm CMR,DF,Nantes,29-346,1995,13.8,4,0,0,16,5,0,4,11,6,0,2,0,45,26,12,68.4,Matchs
Fabien Centonze,fr FRA,DF,Nantes,28-356,1996,0.9,0,0,0,1,0,0,5,1,1,0,0,1,2,1,2,33.3,Matchs
Brendan Chardonnet,fr FRA,DF,Brest,30-015,1994,14.0,3,0,0,19,8,0,3,14,14,0,0,0,54,33,17,66.0,Matchs
Jhoanner Chávez,ec ECU,DF,MT,Lens,22-256,2002,6.6,1,0,0,10,8,2,30,6,5,0,1,0,25,7,5,58.3,Matchs
Théo Chennahi,fr FRA,MT,DF,Montpellier,19-335,2005,0.1,1,0,0,2,1,0,1,0,0,0,0,0,0,0,0,,Matchs
Sidiki Cherif,fr FRA,AT,Angers,18-022,2006,3.1,0,0,0,4,8,5,3,0,4,0,0,0,8,3,15,16.7,Matchs
Rayan Cherki,fr FRA,AT,MT,Lyon,21-142,2003,7.3,2,0,0,7,13,1,45,3,5,0,0,0,31,1,3,25.0,Matchs
Lucas Chevalier,fr FRA,GB,Lille,23-061,2001,16.0,0,0,0,0,3,0,0,0,2,0,0,0,23,4,0,100.0,Matchs
Pedro Chirivella,es ESP,MT,Nantes,27-228,1997,13.8,2,0,0,11,8,0,8,7,17,0,0,0,47,7,8,46.7,Matchs
Joris Chotard,fr FRA,MT,Montpellier,23-104,2001,7.5,3,0,0,5,5,1,9,9,13,0,1,0,33,8,6,57.1,Matchs
Jonathan Clauss,fr FRA,DF,MT,Nice,32-103,1992,9.5,3,0,0,10,1,0,53,19,19,0,0,0,44,6,5,54.5,Matchs
Marcus Coco,fr FRA,DF,Nantes,28-196,1996,5.0,2,1,0,17,10,0,13,3,15,0,0,0,23,4,5,44.4,Matchs
Alois Confais,fr FRA,MT,Le Havre,28-121,1996,0.0,0,0,0,1,0,1,0,0,0,0,0,0,1,0,0,,Matchs
Derek Cornelius,ca CAN,DF,Marseille,27-042,1997,7.0,4,1,1,9,7,0,2,6,6,0,1,0,24,15,4,78.9,Matchs

Pierre Cornud,fr FRA,DF,Saint-Étienne,28-025,1996,4.2,2,0,0,6,2,0,8,5,8,0,1,0,24,0,2,0.0,Matchs
David Costa,pt POR,MT,Lens,24-001,2001,3.6,0,1,0,3,4,0,14,1,0,1,0,0,10,0,2,0.0,Matchs
Logan Costa,cv CPV,DF,Toulouse,23-280,2001,1.0,0,0,0,0,0,0,1,2,1,0,0,0,4,4,2,66.7,Matchs
Grégoire Coudert,fr FRA,GB,Brest,25-278,1999,1.0,0,0,0,0,0,0,0,0,0,0,0,0,1,0,0,,Matchs
Lasso Coulibaly,gh GHA,AT,MT,Auxerre,22-079,2002,0.4,0,0,0,0,1,0,1,0,0,0,0,0,1,0,2,0.0,Matchs
Soumaïla Coulibaly,fr FRA,DF,Brest,21-084,2003,3.6,0,0,0,9,1,0,0,5,2,1,0,0,11,6,3,66.7,Matchs
Tanguy Coulibaly,fr FRA,AT,MT,Montpellier,23-323,2001,4.9,2,2,1,14,2,1,10,4,6,0,1,0,19,9,7,56.3,Matchs
Nicolas Cozza,fr FRA,DF,MT,Nantes,25-364,1999,11.3,2,0,0,10,6,2,13,13,18,1,0,0,34,9,8,52.9,Matchs
Charlie Cresswell,eng ENG,DF,Toulouse,22-142,2002,12.8,1,0,0,16,7,0,2,16,7,0,0,1,39,46,18,71.9,Matchs
Kévin Danois,fr FRA,MT,Auxerre,20-192,2004,9.8,0,0,0,14,8,1,10,15,22,0,0,0,58,9,14,39.1,Matchs
Kevin Danso,at AUT,DF,Lens,26-109,1998,11.0,3,0,0,22,10,1,0,19,6,0,1,0,54,36,20,64.3,Matchs
Dante,br BRA,DF,Nice,41-080,1983,8.3,5,0,0,8,7,0,1,11,8,0,0,0,48,17,8,68.0,Matchs
Pape Daouda Diongue,sn SEN,MT,AT,Strasbourg,,,0.8,0,0,0,0,0,0,1,3,0,0,0,0,6,4,0,100.0,Matchs
Mohammed Daramy,dk DEN,AT,Reims,22-365,2002,0.2,0,0,0,0,0,0,0,0,0,0,0,0,0,1,2,33.3,Matchs
Jonathan David,ca CAN,AT,Lille,24-358,2000,14.1,2,0,0,16,20,3,1,3,3,0,0,0,30,8,27,22.9,Matchs
Zuriko Davitashvili,ge GEO,MT,AT,Saint-Étienne,23-326,2001,14.2,1,0,0,8,14,2,34,9,5,0,0,0,61,8,20,28.6,Matchs
Théo De Percin,mq MTQ,GB,Auxerre,23-339,2001,1.0,0,0,0,0,0,0,0,0,0,0,0,0,2,0,0,,Matchs
Thibault De Smet,be BEL,DF,Reims,26-215,1998,2.0,0,0,0,1,2,0,0,4,4,0,0,0,6,1,1,50.0,Matchs
Romain Del Castillo,fr FRA,AT,Brest,28-283,1996,9.6,0,0,0,9,12,0,72,5,12,0,0,0,51,7,8,46.7,Matchs
Ousmane Dembélé,fr FRA,AT,Paris S-G,27-236,1997,10.0,1,0,0,3,11,6,63,7,2,1,0,0,28,3,2,60.0,Matchs
Arthur Desmas,fr FRA,GB,Le Havre,30-274,1994,16.0,2,0,0,1,6,0,0,0,0,0,1,0,12,2,0,100.0,Matchs
Mamadou Diakhon,fr FRA,AT,MT,Reims,19-106,2005,1.8,1,0,0,1,6,0,7,1,5,0,0,0,6,0,2,0.0,Matchs
Bafodé Diakité,fr FRA,DF,Lille,24-000,2001,16.0,3,0,0,25,11,1,1,16,11,0,1,0,74,37,14,72.5,Matchs
Oumar Diakité,ci CIV,AT,Reims,21-017,2003,12.5,4,0,0,22,18,8,7,2,10,0,0,0,41,20,36,35.7,Matchs
Habib Diarra,sn SEN,MT,AT,Strasbourg,21-003,2004,14.2,3,0,0,15,26,0,19,4,7,1,0,0,46,9,9,50.0,Matchs

Krépin Diatta,sn SEN,DF,Monaco,25-316,1999,2.2,0,0,0,7,4,0,4,3,7,0,0,0,17,8,4,66.7,Matchs
Kandet Diawara,gn GUI,AT,Le Havre,24-331,2000,0.0,0,0,0,0,0,0,0,0,0,0,0,0,0,0,0,,Matchs
Mahamadou Diawara,fr FRA,MT,Lyon,19-324,2005,0.2,0,0,0,1,0,0,0,0,0,0,0,0,3,0,0,,Matchs
Bamba Dieng,sn SEN,AT,Angers,24-289,2000,4.3,1,0,0,5,9,2,2,0,0,1,0,0,3,8,19,29.6,Matchs
Kembo Diliwidi,fr FRA,DF,Lens,18-338,2006,0.0,0,0,0,1,0,0,1,0,0,0,0,0,0,0,0,,Matchs
Sinaly Diomande,ci CIV,DF,Auxerre,23-272,2001,8.8,3,0,0,10,10,0,1,9,7,0,0,0,34,14,12,53.8,Matchs
Lois Diony,fr FRA,AT,Angers,32-017,1992,0.2,0,0,0,0,0,0,0,0,0,0,0,0,0,1,0,100.0,Matchs
Sofiane Diop,fr FRA,MT,AT,Nice,24-211,2000,6.2,2,0,0,10,9,0,25,10,12,0,0,0,43,2,3,40.0,Matchs
Andy Diouf,fr FRA,MT,Lens,21-234,2003,12.4,2,0,0,23,8,0,19,9,13,0,0,0,69,7,12,36.8,Matchs
Yehvann Diouf,fr FRA,GB,Reims,25-051,1999,16.0,1,0,0,0,2,0,0,0,1,0,0,0,18,2,0,100.0,Matchs
Assane Dioussé,sn SEN,MT,Auxerre,27-108,1997,1.2,0,0,0,6,5,0,0,1,3,0,0,0,8,0,1,0.0,Matchs
Álex Domínguez,es ESP,GB,Toulouse,26-160,1998,0.2,0,0,0,0,0,0,0,0,0,0,0,0,0,0,0,,Matchs
Gianluigi Donnarumma,it ITA,GB,Paris S-G,25-316,1999,11.2,2,0,0,0,2,0,0,0,1,0,0,0,14,2,0,100.0,Matchs
Désiré Doué,fr FRA,AT,Paris S-G,19-217,2005,6.5,0,0,0,12,17,1,22,3,6,1,0,0,25,2,4,33.3,Matchs
Guela Doué,ci CIV,DF,Strasbourg,22-081,2002,15.0,4,0,0,18,10,0,22,23,22,0,1,0,91,18,15,54.5,Matchs
Douglas,br BRA,MT,Nantes,27-359,1997,13.4,4,0,0,20,18,0,7,8,19,0,1,0,52,11,25,30.6,Matchs
Ismaël Doukouré,fr FRA,MT,DF,Strasbourg,21-166,2003,12.8,4,0,0,10,7,0,1,13,9,0,0,0,41,9,7,56.3,Matchs
Kamory Doumbia,ml MLI,MT,AT,Brest,21-323,2003,6.5,0,0,0,10,6,1,19,12,14,0,0,0,35,5,12,29.4,Matchs
Amidou Doumbouya,fr FRA,DF,Nice,17-154,2007,0.5,0,0,0,0,0,0,2,1,1,0,0,0,6,0,0,,Matchs
Jean-Kevin Duverne,ht HAI,DF,Nantes,27-178,1997,6.0,2,0,0,14,6,0,9,8,12,0,0,0,20,9,3,75.0,Matchs
Stefan Džodić,rs SRB,DF,MT,Montpellier,19-297,2005,2.1,2,1,0,4,2,0,0,4,3,0,0,0,9,2,4,33.3,Matchs
Aron Dønnum,no NOR,DF,MT,Toulouse,26-261,1998,13.0,4,0,0,22,26,0,36,11,10,0,0,0,71,7,8,46.7,Matchs
Jacques Ekomie,ga GAB,DF,Angers,21-140,2003,3.2,0,0,0,3,9,1,13,2,6,0,0,0,13,3,6,33.3,Matchs
Pierre Ekwah Elimby,fr FRA,MT,DF,Saint-Étienne,22-357,2002,12.7,2,0,0,12,15,0,1,19,12,0,0,0,61,11,6,64.7,Matchs
Breel Embolo,ch SUI,AT,Monaco,27-327,1997,9.1,2,0,0,12,18,7,2,1,4,0,0,0,19,17,17,50.0,Matchs

Emanuel Emegha,nl NED,AT,Strasbourg,21-338,2003,9.7,2,0,0,20,16,6,0,0,4,0,0,0,17,13,11,54.2,Matchs
Romain Faivre,fr FRA,AT,MT,Brest,26-176,1998,5.6,1,0,0,3,13,0,14,3,8,0,0,0,21,4,7,36.4,Matchs
Khalil Fayad,fr FRA,MT,AT,Montpellier,20-211,2004,3.1,0,0,0,8,12,0,3,1,7,0,0,1,17,1,1,50.0,Matchs
Zinedine Ferhat,dz ALG,AT,MT,Angers,31-311,1993,2.8,1,0,0,7,7,0,24,2,0,0,0,0,15,7,4,63.6,Matchs
Edimilson Fernandes,ch SUI,MT,Brest,28-266,1996,5.7,0,0,0,6,5,0,1,9,5,0,1,0,34,4,5,44.4,Matchs
Matias Fernandez-Pardo,be BEL,AT,Lille,19-338,2005,4.9,2,0,0,7,11,0,11,1,4,1,0,0,13,0,6,0.0,Matchs
Jordan Ferri,fr FRA,MT,Montpellier,32-300,1992,9.8,4,0,0,14,15,0,11,6,11,0,1,0,64,8,8,50.0,Matchs
Karol Fila,pl POL,MT,Strasbourg,26-207,1998,0.1,1,0,0,0,0,0,0,0,0,0,0,0,1,0,0,,Matchs
Malick Fofana,be BEL,AT,Lyon,19-281,2005,10.0,1,0,0,6,22,3,41,7,8,1,0,0,40,1,7,12.5,Matchs
Seko Fofana,ci CIV,MT,Rennes,29-244,1995,0.3,0,0,0,0,1,0,1,0,1,0,0,0,1,0,0,,Matchs
Yahia Fofana,ci CIV,GB,Angers,24-138,2000,16.0,2,0,0,0,6,0,0,1,0,0,0,0,21,3,0,100.0,Matchs
Lamine Fomba,fr FRA,MT,Saint-Étienne,26-346,1998,0.8,1,0,0,7,0,0,0,2,3,0,1,0,5,2,4,33.3,Matchs
Przemysław Frankowski,pl POL,DF,Lens,29-269,1995,11.5,3,0,0,12,6,1,51,8,12,0,0,0,47,7,6,53.8,Matchs
Angelo Fulgini,fr FRA,MT,AT,Lens,28-139,1996,7.4,1,0,0,7,21,2,22,0,4,0,0,0,34,3,9,25.0,Matchs
Gauthier Gallon,fr FRA,GB,Rennes,31-258,1993,0.5,0,0,0,0,0,0,0,0,0,0,0,0,0,0,0,,Matchs
Ignatius Ganago,cm CMR,AT,MT,Nantes,25-325,1999,2.7,1,0,0,2,3,2,3,4,1,0,0,0,7,4,7,36.4,Matchs
Ulisses Garcia,ch SUI,DF,Marseille,28-361,1996,4.6,1,0,0,5,4,2,15,2,7,0,0,0,23,9,3,75.0,Matchs
Jean-Philippe Gbamin,ci CIV,MT,Nantes,29-103,1995,2.1,1,0,0,2,5,0,0,3,1,0,0,0,10,7,1,87.5,Matchs
Yann Gboho,fr FRA,MT,AT,Toulouse,23-358,2001,14.2,1,0,0,11,36,0,17,4,8,1,0,0,62,4,22,15.4,Matchs
Denis Genreau,au AUS,MT,AT,Toulouse,25-230,1999,0.5,0,0,0,2,1,0,6,0,1,0,0,0,2,0,0,,Matchs
Aleksandr Golovin,ru RUS,MT,AT,Monaco,28-221,1996,10.8,1,0,0,20,18,0,19,9,22,0,0,0,86,8,10,44.4,Matchs
André Gomes,pt POR,MT,Lille,31-160,1993,4.5,2,0,0,11,5,0,1,3,3,0,0,0,38,2,4,33.3,Matchs
Angel Gomes,eng ENG,MT,Lille,24-128,2000,6.8,1,0,0,4,8,0,8,0,4,1,0,0,15,4,5,44.4,Matchs
Carlos Gómez,co COL,MT,AT,Rennes,22-116,2002,3.1,0,0,0,8,2,0,17,1,6,0,0,0,14,0,3,0.0,Matchs
Amine Gouiri,dz ALG,MT,AT,Rennes,24-325,2000,10.0,1,0,0,14,12,3,12,1,5,0,0,0,34,6,13,31.6,Matchs

Jonathan Gradit,fr FRA,DF,Lens,32-043,1992,8.3,3,0,0,15,5,0,5,12,9,0,0,0,30,30,15,66.7,Matchs
Samuel Grandsir,fr FRA,MT,AT,Le Havre,28-145,1996,0.9,0,0,0,2,0,0,5,0,5,0,0,0,9,0,1,0.0,Matchs
Mason Greenwood,eng ENG,AT,MT,Marseille,23-097,2001,15.1,1,0,0,10,24,1,70,6,11,2,0,0,50,4,4,50.0,Matchs
Albert Grønbaek,dk DEN,MT,AT,Rennes,23-228,2001,8.8,1,0,0,9,10,0,28,4,11,0,0,0,24,4,11,26.7,Matchs
Gabriel Gudmundsson,se SWE,DF,Lille,25-252,1999,11.7,1,0,0,19,23,4,33,8,15,0,0,0,42,9,4,69.2,Matchs
Axel Gueguin,fr FRA,AT,Montpellier,19-288,2005,0.3,0,0,0,4,0,0,1,0,1,0,0,0,0,0,0,,Matchs
Evann Guessand,ci CIV,AT,MT,Nice,23-189,2001,15.4,1,0,0,22,34,7,14,6,12,0,0,0,48,15,24,38.5,Matchs
Bahereba Guirassy,fr FRA,AT,MT,Nantes,18-130,2006,1.2,0,0,0,1,1,0,2,0,2,0,0,0,12,4,4,50.0,Matchs
Massadio Haïdara,ml MLI,DF,Brest,32-035,1992,7.2,3,1,1,8,14,0,24,11,4,1,0,0,28,8,3,72.7,Matchs
Achraf Hakimi,ma MAR,DF,Paris S-G,26-063,1998,13.4,2,0,0,7,14,6,54,19,25,0,0,0,80,6,8,42.9,Matchs
Florent Hanin,dz ALG,DF,Angers,34-337,1990,12.7,1,0,0,5,18,0,49,22,24,0,0,0,62,9,17,34.6,Matchs
Amine Harit,ma MAR,MT,Marseille,27-202,1997,5.2,0,1,0,5,12,0,6,3,6,1,0,0,20,1,4,20.0,Matchs
Hans Hateboer,nl NED,DF,Rennes,30-363,1994,11.3,1,0,0,13,7,1,25,16,11,0,0,0,40,20,13,60.6,Matchs
Luis Henrique,br BRA,AT,DF,Marseille,23-023,2001,13.6,0,0,0,5,4,6,29,5,5,0,0,0,51,0,0,,Matchs
Lucas Hernández,fr FRA,DF,Paris S-G,28-327,1996,0.6,0,0,0,1,1,0,0,1,1,0,0,0,2,2,1,66.7,Matchs
Ki-Jana Hoever,nl NED,DF,Auxerre,22-354,2002,11.3,2,1,1,14,5,0,38,11,19,0,0,0,39,15,11,57.7,Matchs
Cédric Hountondji,bj BEN,DF,Angers,30-353,1994,3.0,0,0,0,2,1,0,0,4,4,0,0,0,9,5,3,62.5,Matchs
Ilyes Housni,fr FRA,AT,Le Havre,19-237,2005,2.2,0,0,0,4,4,1,2,1,4,0,0,0,6,0,4,0.0,Matchs
Pierre Højbjerg,dk DEN,MT,Marseille,29-154,1995,14.9,3,0,0,13,19,0,4,22,26,0,0,0,95,10,8,55.6,Matchs
George Ilenikhena,fr FRA,AT,Monaco,18-143,2006,6.1,0,0,0,10,8,9,0,1,1,0,0,0,8,13,14,48.1,Matchs
Rareş Ilie,ro ROU,MT,Nice,21-262,2003,0.1,0,0,0,0,0,0,3,0,1,0,0,0,2,0,0,,Matchs
Ismaily,br BRA,DF,Lille,34-361,1990,1.1,1,0,0,1,2,0,3,1,0,0,0,0,9,2,0,100.0,Matchs
Yanis Issoufou,fr FRA,MT,AT,Montpellier,18-070,2006,0.9,0,0,0,1,0,0,3,0,4,0,0,0,3,0,1,0.0,Matchs
Junya Ito,jp JPN,AT,Reims,31-303,1993,15.6,0,0,0,8,18,6,137,6,15,0,0,0,69,12,11,52.2,Matchs
Ismail Jakobs,sn SEN,DF,Monaco,25-142,1999,2.0,0,0,0,1,3,0,14,2,5,0,0,0,5,1,6,14.3,Matchs

Jordan James,wls WAL,MT,Rennes,20-188,2004,4.4,2,0,0,10,6,0,3,7,4,0,0,0,22,3,0,100.0,Matchs
Karl-Johan Johnsson,se SWE,GB,Strasbourg,34-344,1990,3.0,0,0,0,1,0,0,0,0,0,0,1,0,2,1,0,100.0,Matchs
Paul Joly,fr FRA,DF,Auxerre,24-213,2000,5.9,2,0,0,4,16,0,36,15,14,0,0,0,25,7,7,50.0,Matchs
Jota,pt POR,AT,MT,Rennes,25-282,1999,3.7,0,0,0,3,2,3,16,3,2,0,0,0,11,1,1,50.0,Matchs
Antoine Joujou,fr FRA,MT,AT,Le Havre,21-300,2003,4.4,1,0,0,2,2,0,12,5,5,0,0,0,20,2,10,16.7,Matchs
Jubal,br BRA,DF,Auxerre,31-130,1993,13.4,4,0,0,9,6,0,0,9,19,0,2,0,38,32,15,68.1,Matchs
Hamed Junior Traorè,ci CIV,MT,Auxerre,24-325,2000,12.1,3,0,0,16,25,6,30,4,11,1,0,0,61,5,9,35.7,Matchs
Yaya Kader Fofana,ml MLI,MT,AT,Reims,20-208,2004,7.0,4,0,0,16,7,0,6,3,11,0,0,0,33,4,10,28.6,Matchs
Tino Kadewere,zw ZIM,MT,AT,Nantes,29-001,1996,5.3,1,0,0,5,2,2,2,5,7,0,0,0,28,13,12,52.0,Matchs
Arnaud Kalimuendo,fr FRA,AT,Rennes,22-352,2002,13.1,2,0,0,11,16,7,6,2,5,0,0,0,20,12,29,29.3,Matchs
Waren Kamanzi,no NOR,DF,MT,Toulouse,24-056,2000,7.6,1,0,0,10,5,1,12,5,12,0,0,0,39,5,0,100.0,Matchs
Glen Kamara,fi FIN,MT,Rennes,29-070,1995,7.4,0,0,0,7,4,0,0,7,11,0,0,0,42,2,6,25.0,Matchs
Nordine Kandil,fr FRA,MT,Strasbourg,23-067,2001,0.1,0,0,0,2,0,0,0,0,0,0,0,0,0,1,1,50.0,Matchs
Lee Kang-in,kr KOR,AT,MT,Paris S-G,23-322,2001,10.1,1,0,0,13,11,1,60,1,10,0,0,0,34,2,5,28.6,Matchs
Yassine Kechta,ma MAR,MT,AT,Le Havre,22-316,2002,11.4,2,0,0,14,21,2,8,12,19,0,0,0,61,4,14,22.2,Matchs
Thilo Kehrer,de GER,DF,Monaco,28-107,1996,13.0,0,0,0,7,13,1,1,14,19,0,0,0,69,32,16,66.7,Matchs
Reda Khadra,de GER,MT,AT,Reims,23-186,2001,0.9,0,0,0,0,3,0,3,0,1,0,0,0,7,0,0,,Matchs
Wahbi Khazri,tn TUN,AT,MT,Montpellier,33-333,1991,7.5,2,0,0,13,18,1,34,4,11,0,0,0,25,3,14,17.6,Matchs
Abdukodir Khusanov,uz UZB,DF,Lens,20-312,2004,10.8,2,1,0,13,3,0,5,26,11,0,1,0,50,27,12,69.2,Matchs
Joshua King,no NOR,AT,MT,Toulouse,32-357,1992,10.0,2,0,0,20,12,4,7,2,6,1,0,0,37,24,37,39.3,Matchs
Cédric Kipré,ci CIV,DF,Reims,28-028,1996,10.8,2,0,0,9,4,0,3,15,15,0,0,0,35,18,12,60.0,Matchs
Hervé Koffi,bf BFA,GB,Lens,28-082,1996,1.0,1,0,0,0,0,0,0,0,1,0,0,0,1,0,0,,Matchs
Philipp Köhn,ch SUI,GB,Monaco,26-279,1998,9.0,1,0,0,0,1,0,0,0,0,0,0,0,17,1,0,100.0,Matchs
Randal Kolo Muani,fr FRA,AT,Paris S-G,26-032,1998,4.0,0,0,0,7,7,2,0,0,4,1,0,0,8,9,3,75.0,Matchs
Geoffrey Kondogbia,cf CTA,DF,MT,Marseille,31-326,1993,12.2,1,0,0,8,7,0,1,11,20,0,0,0,51,9,7,56.3,Matchs

Abdoul Koné,fr FRA,DF,Reims,19-259,2005,1.2,0,0,0,2,2,0,0,1,3,0,0,0,7,1,0,100.0,Matchs
Amadou Koné,ml MLI,MT,Reims,19-237,2005,5.9,1,1,0,7,22,0,0,8,15,0,0,0,32,5,7,41.7,Matchs
Ismaël Koné,ca CAN,MT,AT,Marseille,22-214,2002,4.0,0,0,0,4,11,1,3,4,4,0,0,0,14,2,5,28.6,Matchs
Emmanuel Koum Mbondo,fr FRA,DF,Marseille,18-336,2006,0.1,0,0,0,0,0,0,0,0,0,0,0,0,0,0,0,,Matchs
Boubakar Kouyaté,ml MLI,DF,Montpellier,27-266,1997,1.2,1,0,0,3,1,0,0,3,1,0,0,0,4,3,1,75.0,Matchs
Sael Kumbedi,fr FRA,DF,Lyon,19-286,2005,2.0,0,0,0,3,2,0,5,4,2,0,0,0,9,0,1,0.0,Matchs
Daler Kuzyaev,ru RUS,MT,Le Havre,31-357,1993,6.3,1,0,0,8,3,0,6,9,8,0,0,0,27,7,4,63.6,Matchs
Rémy Labeau Lascary,gp GLP,AT,MT,Lens,21-309,2003,7.1,5,0,0,23,9,10,19,1,10,0,0,0,21,6,7,46.2,Matchs
Gaëtan Laborde,fr FRA,AT,Nice,30-248,1994,5.1,0,0,0,5,2,3,12,3,5,0,0,0,12,10,9,52.6,Matchs
Alexandre Lacazette,fr FRA,AT,Lyon,33-223,1991,11.5,2,0,0,19,16,7,12,3,3,0,0,0,14,12,14,46.2,Matchs
Alban Lafont,fr FRA,GB,Nantes,25-349,1999,12.0,1,0,0,0,0,0,0,0,1,0,0,0,11,5,0,100.0,Matchs
Kenny Lala,mg MAD,DF,Brest,33-095,1991,12.8,2,0,0,8,6,0,53,11,23,0,0,0,73,2,6,25.0,Matchs
Mohamed Lamine Bayo,gn GUI,AT,MT,Lille,26-216,1998,2.4,1,0,0,6,1,0,0,0,0,0,0,0,5,4,4,50.0,Matchs
Gautier Larsonneur,fr FRA,GB,Saint-Étienne,27-318,1997,16.0,3,0,0,0,6,0,0,0,0,0,0,0,19,3,2,60.0,Matchs
Julien Le Cardinal,fr FRA,DF,Brest,27-156,1997,8.8,2,0,0,9,6,0,2,24,9,0,1,1,27,15,9,62.5,Matchs
Jérémy Le Douaron,fr FRA,AT,Brest,26-260,1998,1.1,0,0,0,2,0,2,0,0,0,0,0,0,2,3,2,60.0,Matchs
Benjamin Lecomte,fr FRA,GB,Montpellier,33-255,1991,13.0,0,0,0,0,1,0,0,0,0,0,0,0,16,1,0,100.0,Matchs
Pierre Lees-Melou,fr FRA,MT,Brest,31-226,1993,3.9,2,0,0,10,4,0,6,4,7,0,0,0,40,1,1,50.0,Matchs
Jordan Lefort,fr FRA,DF,Angers,31-150,1993,16.0,1,0,0,7,8,0,8,15,18,0,1,0,48,21,12,63.6,Matchs
Félix Lemaréchal,fr FRA,AT,MT,Strasbourg,21-152,2003,3.8,0,0,0,7,2,1,3,5,9,0,0,0,13,0,8,0.0,Matchs
Donovan Léon,gf GUF,GB,Auxerre,32-064,1992,15.0,2,0,0,0,2,0,0,0,0,0,0,0,19,6,1,85.7,Matchs
Esteban Lepaul,fr FRA,AT,MT,Angers,24-263,2000,3.3,0,0,0,3,1,1,6,2,1,0,0,0,8,5,11,31.3,Matchs
Johann Lepenant,fr FRA,MT,Nantes,22-076,2002,10.7,1,0,0,24,14,1,11,10,19,0,0,0,35,9,11,45.0,Matchs
Louis Leroux,fr FRA,MT,AT,Nantes,18-349,2006,0.2,0,0,0,0,0,0,1,0,1,0,0,0,2,0,0,,Matchs
Pol Lirola,es ESP,DF,Marseille,27-146,1997,4.0,0,1,0,6,5,0,6,0,5,0,0,0,11,2,4,33.3,Matchs

Gautier Lloris,fr FRA,DF,Le Havre,29-172,1995,16.0,3,0,0,12,5,2,2,11,26,0,1,0,57,31,19,62.0,Matchs
Andy Logbo,fr FRA,AT,Le Havre,20-245,2004,0.3,0,0,0,0,0,0,0,0,0,0,0,0,1,0,2,0.0,Matchs
Anthony Lopes,pt POR,GB,Nantes,34-097,1990,1.0,0,0,0,0,0,0,0,0,0,0,0,0,2,0,0,,Matchs
Jordan Lotomba,ch SUI,MT,DF,Nice,26-099,1998,0.4,0,0,0,2,0,1,2,0,0,0,0,0,2,0,0,,Matchs
Tom Louchet,fr FRA,DF,MT,Nice,21-247,2003,5.3,1,0,0,7,6,0,24,6,12,0,0,0,20,8,2,80.0,Matchs
Milos Lukovic,rs SRB,AT,MT,Strasbourg,19-049,2005,0.1,0,0,0,0,0,0,0,0,0,0,0,0,0,0,0,,Matchs
Othmane Maamma,ma MAR,AT,MT,Montpellier,19-092,2005,0.7,0,0,0,1,3,0,3,0,0,0,0,0,2,0,1,0.0,Matchs
Deiver Machado,co COL,DF,MT,Lens,31-126,1993,6.9,1,1,0,12,3,4,21,5,10,0,0,0,31,9,6,60.0,Matchs
Yvann Macon,fr FRA,DF,Saint-Étienne,26-097,1998,3.2,1,0,0,8,2,0,9,0,3,0,0,0,14,1,5,16.7,Matchs
Eros Maddy,nl NED,DF,Auxerre,23-336,2001,0.1,0,0,0,2,0,0,0,0,0,0,0,0,0,0,0,,Matchs
Soungoutou Magassa,fr FRA,MT,Monaco,21-090,2003,7.3,3,0,0,17,14,0,3,13,14,0,0,0,53,10,14,41.7,Matchs
Hugo Magnetti,fr FRA,MT,Brest,26-221,1998,12.0,2,0,0,11,11,0,6,7,13,0,0,0,54,5,5,50.0,Matchs
Frank Magri,cm CMR,AT,Toulouse,25-124,1999,4.1,1,1,0,4,6,1,2,1,0,0,0,0,4,14,16,46.7,Matchs
Ainsley Maitland-Niles,eng ENG,DF,Lyon,27-130,1997,12.1,0,0,0,5,5,2,25,17,22,0,0,0,52,6,12,33.3,Matchs
Radosław Majecki,pl POL,GB,Monaco,25-051,1999,7.0,1,0,0,0,1,0,0,0,0,0,0,0,7,3,0,100.0,Matchs
Nikola Maksimović,rs SRB,DF,Montpellier,33-042,1991,6.5,2,0,0,3,5,0,0,6,5,0,0,0,14,8,13,38.1,Matchs
Hianga Mananga Mbock,fr FRA,MT,Brest,25-009,1999,0.2,0,0,0,1,0,0,0,1,0,0,0,0,0,1,0,100.0,Matchs
Steve Mandanda,fr FRA,GB,Rennes,39-284,1985,15.5,0,0,0,0,1,0,0,0,0,0,0,0,24,1,0,100.0,Matchs
Aïssa Mandi,dz ALG,DF,Lille,33-076,1991,10.5,2,0,0,4,7,1,6,7,9,0,0,0,33,6,12,33.3,Matchs
Orel Mangala,be BEL,MT,Lyon,26-294,1998,0.7,0,0,0,0,0,0,1,0,0,0,0,0,6,0,0,,Matchs
Sekou Mara,fr FRA,AT,MT,Strasbourg,22-160,2002,6.7,2,0,0,16,12,3,2,3,5,0,0,0,17,15,16,48.4,Matchs
Marquinhos,br BRA,DF,Paris S-G,30-237,1994,11.3,3,0,0,13,4,1,1,7,12,0,1,0,62,20,13,60.6,Matchs
Jonas Martin,fr FRA,MT,Brest,34-272,1990,5.1,2,0,0,7,10,0,3,6,5,0,1,0,28,5,9,35.7,Matchs
Clinton Mata,ao ANG,DF,Lyon,32-060,1992,12.1,2,0,0,15,15,0,27,19,13,0,0,0,57,12,8,60.0,Matchs
Eliot Matazo,be BEL,MT,Monaco,22-326,2002,0.8,0,0,0,0,2,0,0,1,2,0,0,0,7,1,0,100.0,Matchs

Nemanja Matić,rs SRB,MT,Lyon,36-158,1988,11.1,0,0,0,10,4,0,6,9,17,0,0,0,74,8,7,53.3,Matchs
Azor Matusiwa,nl NED,MT,Rennes,26-253,1998,13.2,2,0,0,21,18,0,1,21,22,0,1,0,78,14,9,60.9,Matchs
Neal Maupay,fr FRA,AT,Marseille,28-145,1996,7.4,3,1,1,6,11,1,1,0,3,0,0,0,13,4,11,26.7,Matchs
Christian Mawissa,fr FRA,DF,Monaco,19-263,2005,5.2,0,0,0,2,6,0,2,13,11,0,1,0,24,8,6,57.1,Matchs
Senny Mayulu,fr FRA,MT,DF,Paris S-G,18-234,2006,2.1,0,0,0,9,3,0,3,2,5,0,0,0,5,0,3,0.0,Matchs
Ethan Mbappé,fr FRA,MT,AT,Lille,18-008,2006,0.9,1,0,0,3,0,0,0,0,0,0,0,0,4,1,1,50.0,Matchs
Ibrahim Mbaye,fr FRA,AT,MT,Paris S-G,16-348,2008,1.0,0,0,0,2,1,0,1,0,0,0,0,0,6,0,1,0.0,Matchs
Mark McKenzie,us USA,DF,Toulouse,25-316,1999,13.7,1,0,0,14,7,0,0,11,14,0,1,0,69,17,15,53.1,Matchs
Facundo Medina,ar ARG,DF,MT,Lens,25-223,1999,13.7,4,0,0,12,13,0,8,18,19,0,1,0,85,16,9,64.0,Matchs
Henrik Meister,dk DEN,AT,Rennes,21-050,2003,0.7,0,0,0,3,1,0,0,1,0,0,0,0,7,2,3,40.0,Matchs
Bamo Meïté,ci CIV,DF,MT,Marseille,23-034,2001,0.3,0,0,0,1,1,0,0,0,0,0,0,0,0,0,0,,Matchs
Mohamed Meité,fr FRA,AT,Rennes,17-087,2007,0.1,0,0,0,1,0,0,0,0,0,0,0,0,0,0,2,0.0,Matchs
Farid El Melali,dz ALG,AT,Angers,27-246,1997,11.4,1,0,0,11,25,4,38,8,8,2,0,0,54,4,11,26.7,Matchs
Nuno Mendes,pt POR,DF,Paris S-G,22-201,2002,7.0,1,0,0,4,11,1,23,5,9,0,1,0,41,5,3,62.5,Matchs
Antoine Mendy,fr FRA,DF,Nice,20-224,2004,5.5,1,0,0,5,7,0,7,5,15,0,0,0,34,9,8,52.9,Matchs
Nampalys Mendy,sn SEN,MT,Lens,32-197,1992,1.2,0,0,0,1,3,0,0,1,2,0,0,0,5,0,1,0.0,Matchs
Gideon Mensah,gh GHA,DF,Auxerre,26-172,1998,10.3,2,0,0,15,12,1,35,24,17,0,1,0,67,9,12,42.9,Matchs
Quentin Merlin,fr FRA,DF,MT,Marseille,22-235,2002,7.0,1,0,0,7,9,0,25,7,6,0,0,0,25,4,8,33.3,Matchs
Rafik Messali,fr FRA,MT,Toulouse,21-253,2003,0.0,0,0,0,0,0,0,0,0,0,0,0,0,0,0,0,,Matchs
Thomas Meunier,be BEL,DF,Lille,33-116,1991,7.0,2,0,0,8,1,1,17,12,11,0,0,0,26,12,10,54.5,Matchs
Georges Mikautadze,ge GEO,AT,Lyon,24-067,2000,6.6,1,0,0,2,12,2,5,2,4,1,0,0,23,8,20,28.6,Matchs
Igor Miladinović,rs SRB,AT,Saint-Étienne,21-212,2003,0.2,0,0,0,0,0,0,0,1,0,0,0,0,2,1,0,100.0,Matchs
Takumi Minamino,jp JPN,MT,AT,Monaco,29-356,1995,10.7,1,0,0,10,10,6,7,4,6,0,0,0,45,10,17,37.0,Matchs
Lucas Mincarelli,fr FRA,DF,Montpellier,21-001,2004,2.8,0,0,0,4,5,0,12,1,4,0,0,0,9,3,2,60.0,Matchs
Mostafa Mohamed,eg EGY,AT,Nantes,27-039,1997,5.7,1,0,0,11,3,2,2,2,5,1,0,0,22,22,15,59.5,Matchs

Florent Mollet,fr FRA,MT,AT,Nantes,33-048,1991,1.8,0,0,0,2,3,0,12,1,1,0,0,0,8,1,4,20.0,Matchs
Diego Moreira,pt POR,DF,MT,Strasbourg,20-153,2004,14.1,3,0,0,15,22,1,39,14,14,0,1,0,78,17,19,47.2,Matchs
Gabriel Moscardo,br BRA,MT,Reims,19-100,2005,0.4,0,0,0,0,0,0,0,0,0,0,0,0,1,1,0,100.0,Matchs
Yael Mouanga,fr FRA,DF,Montpellier,19-167,2005,1.0,0,0,0,0,0,0,0,0,2,0,0,0,1,4,3,57.1,Matchs
Aimen Moueffek,fr FRA,MT,Saint-Étienne,23-272,2001,5.5,0,0,0,10,2,2,0,2,6,0,0,0,31,7,8,46.7,Matchs
Youssoufa Moukoko,de GER,AT,MT,Nice,20-047,2004,2.1,0,0,0,1,3,4,1,0,0,0,0,0,11,2,0,100.0,Matchs
Louis Mouton,fr FRA,MT,Saint-Étienne,22-217,2002,7.0,1,0,0,12,4,0,12,8,9,0,0,0,38,3,7,30.0,Matchs
Ngal'Ayel Mukau,cd COD,MT,Lille,20-037,2004,6.9,4,0,0,12,6,0,1,12,11,0,0,0,36,10,10,50.0,Matchs
Marshall Munetsi,zw ZIM,MT,Reims,28-198,1996,14.8,3,0,0,24,25,1,8,15,13,0,0,0,50,32,36,47.1,Matchs
Junior Mwanga,fr FRA,MT,Strasbourg,21-240,2003,3.3,0,0,0,6,1,0,0,2,9,0,0,0,16,2,0,100.0,Matchs
Djylian N'Guessan,fr FRA,AT,Saint-Étienne,16-129,2008,0.0,0,0,0,0,0,0,0,0,0,0,0,0,0,0,1,0.0,Matchs
Mickael Nade,fr FRA,DF,Saint-Étienne,25-308,1999,7.6,1,0,0,5,13,0,1,13,16,1,0,0,34,8,2,80.0,Matchs
Bilal Nadir,fr FRA,MT,Marseille,21-039,2003,0.7,1,0,0,2,4,0,0,0,0,0,0,0,4,2,0,100.0,Matchs
Mahamadou Nagida,cm CMR,DF,Rennes,19-192,2005,3.6,1,0,0,5,8,0,20,8,5,0,0,0,29,4,6,40.0,Matchs
Keito Nakamura,jp JPN,AT,Reims,24-162,2000,13.8,2,0,0,16,4,6,28,8,10,0,0,0,67,3,9,25.0,Matchs
Sebastian Nanasi,se SWE,AT,MT,Strasbourg,22-235,2002,12.8,0,0,0,7,14,0,35,4,8,0,0,0,53,2,7,22.2,Matchs
Yael Nandjou,fr FRA,DF,Nice,19-184,2005,1.7,0,0,0,6,2,0,4,4,1,0,1,0,8,3,1,75.0,Matchs
Youssouf Ndayishimiye,bi BDI,DF,MT,Nice,26-071,1998,7.5,1,0,0,4,7,0,2,8,7,1,0,0,42,9,9,50.0,Matchs
Junior Ndiaye,fr FRA,AT,MT,Montpellier,19-283,2005,0.8,0,0,0,1,1,0,0,0,0,0,0,0,1,1,9,10.0,Matchs
Rassoul Ndiaye,sn SEN,MT,Le Havre,23-026,2001,7.0,1,0,0,9,6,1,14,6,13,0,0,0,43,5,10,33.3,Matchs
Tanguy Ndombele,fr FRA,MT,Nice,28-009,1996,10.5,1,0,0,9,21,0,2,11,20,0,0,0,56,3,6,33.3,Matchs
Loïc Nego,hu HUN,DF,AT,Le Havre,33-357,1991,9.7,1,0,0,10,11,5,30,15,13,0,0,0,52,7,3,70.0,Matchs
João Neves,pt POR,MT,Paris S-G,20-101,2004,12.1,0,0,0,9,20,2,12,8,26,0,0,0,76,13,8,61.9,Matchs
Mikayil Ngor Faye,sn SEN,DF,Rennes,20-176,2004,6.4,1,1,0,10,5,0,1,9,8,0,1,0,37,8,6,57.1,Matchs
Steve Ngoura,fr FRA,AT,Le Havre,19-319,2005,3.2,0,0,0,5,1,2,2,0,2,0,0,0,7,5,6,45.5,Matchs

Moussa Niakhate,sn SEN,DF,Lyon,28-304,1996,12.3,0,0,0,14,5,1,1,8,15,0,0,0,46,13,10,56.5,Matchs
Abdoulaye Niakhate Ndiaye,sn SEN,DF,Brest,22-271,2002,5.6,2,0,0,5,7,0,1,5,7,0,1,0,19,17,15,53.1,Matchs
Ibrahima Niane,sn SEN,AT,Angers,25-301,1999,7.6,0,0,0,11,16,6,2,2,3,1,0,0,25,15,23,39.5,Matchs
Rasmus Nicolaisen,dk DEN,DF,Toulouse,27-296,1997,6.9,0,0,0,4,8,0,0,10,3,0,0,1,29,21,9,70.0,Matchs
Arnaud Nordin,fr FRA,AT,Montpellier,26-203,1998,12.2,2,0,0,12,37,1,35,5,14,0,0,0,41,11,18,37.9,Matchs
Ernest Nuamah,gh GHA,AT,MT,Lyon,21-066,2003,4.6,1,0,0,7,5,2,14,3,4,0,0,0,35,5,4,55.6,Matchs
Rabby Nzingoula,cg CGO,MT,Montpellier,19-042,2005,9.0,6,0,0,17,27,1,7,18,17,0,0,0,41,11,11,50.0,Matchs
M'Bala Nzola,ao ANG,AT,Lens,28-141,1996,9.4,3,0,0,16,9,13,1,2,2,0,0,0,16,23,16,59.0,Matchs
Marwann Nzuzi,fr FRA,DF,Saint-Étienne,20-235,2004,1.4,2,0,0,2,1,0,1,2,2,0,0,0,3,2,1,66.7,Matchs
Hamzat Ojediran,ng NGA,MT,AT,Lens,21-053,2003,3.3,2,0,0,13,2,0,2,9,11,0,0,0,19,6,7,46.2,Matchs
Joseph Okumu,ke KEN,DF,Reims,27-225,1997,6.4,2,0,0,5,6,0,2,11,8,0,1,0,28,11,6,64.7,Matchs
Ben Old,nz NZL,MT,AT,Saint-Étienne,22-146,2002,4.2,0,0,0,3,7,0,13,1,4,0,0,0,14,0,3,0.0,Matchs
Warmed Omari,km COM,DF,Lyon,24-258,2000,0.1,0,0,0,0,0,0,0,0,0,0,0,0,0,0,0,,Matchs
Becir Omeragic,ch SUI,DF,Montpellier,22-352,2002,9.3,1,0,0,5,7,0,4,5,6,0,0,1,35,7,15,31.8,Matchs
Ado Onaiwu,jp JPN,MT,AT,Auxerre,29-059,1995,5.7,0,1,0,5,8,1,5,1,4,0,0,0,26,16,14,53.3,Matchs
Christopher Operi,ci CIV,DF,AT,Le Havre,27-252,1997,13.0,2,1,1,9,16,3,128,14,9,0,0,0,51,11,6,64.7,Matchs
Victor Orakpo,ng NGA,AT,Nice,18-206,2006,0.4,0,0,0,0,2,1,0,0,0,0,0,0,3,1,4,20.0,Matchs
Gift Orban,ng NGA,AT,DF,Lyon,22-173,2002,2.1,1,0,0,5,1,4,1,0,0,0,0,0,5,1,4,20.0,Matchs
Gabriel Osho,ng NGA,DF,Auxerre,26-145,1998,11.1,1,0,0,8,10,0,2,11,8,0,0,0,40,10,6,62.5,Matchs
Jibril Othman,tn TUN,AT,Saint-Étienne,20-255,2004,0.1,0,0,0,0,0,0,0,0,0,0,0,0,1,0,0,,Matchs
Guimissongui Ouattara,fr FRA,AT,MT,Strasbourg,19-076,2005,0.8,0,0,0,0,0,0,1,1,1,0,0,0,5,1,1,50.0,Matchs
Kassoum Ouattara,fr FRA,DF,AT,Monaco,20-084,2004,3.0,2,0,0,8,2,0,9,4,6,0,0,0,22,2,7,22.2,Matchs
Zinédine Ould Khaled,fr FRA,MT,Angers,24-358,2000,0.6,1,0,0,3,1,0,0,0,1,0,0,0,2,1,1,50.0,Matchs
Beres Owusu,fr FRA,DF,Saint-Étienne,21-109,2003,1.0,0,0,0,1,1,0,1,0,2,0,0,0,2,2,0,100.0,Matchs
Elisha Owusu,gh GHA,MT,Auxerre,27-060,1997,14.4,4,0,0,31,14,0,6,24,27,0,1,1,95,11,11,50.0,Matchs

Willian Pacho,ec ECU,DF,Paris S-G,23-082,2001,13.3,2,0,0,11,3,0,0,25,19,0,0,0,70,19,16,54.3,Matchs
Nicolas Pallois,fr FRA,DF,Nantes,37-109,1987,9.0,4,0,0,9,3,0,3,12,9,0,0,1,35,13,6,68.4,Matchs
Kévin Pedro,fr FRA,DF,Saint-Étienne,18-320,2006,0.1,0,0,0,1,0,0,1,2,0,0,0,0,2,0,0,,Matchs
Théo Pellenard,fr FRA,DF,Auxerre,30-308,1994,0.5,0,0,0,4,1,0,2,0,2,0,0,0,0,0,0,,Matchs
Timothee Pembele,fr FRA,DF,Le Havre,22-119,2002,7.5,1,0,0,6,5,0,23,5,9,0,0,0,29,6,7,46.2,Matchs
Faris Pemi Moumbagna,cm CMR,AT,Marseille,24-189,2000,0.1,0,0,0,1,0,0,0,0,0,0,0,0,0,0,0,,Matchs
Óscar Perea,co COL,MT,Strasbourg,19-101,2005,0.1,0,0,0,0,0,1,0,0,0,0,0,0,1,0,0,,Matchs
Mathias Pereira Lage,pt POR,AT,MT,Brest,28-037,1996,5.8,2,0,0,12,11,1,23,6,8,0,1,0,25,14,16,46.7,Matchs
Lucas Perri,br BRA,GB,Lyon,27-027,1997,16.0,1,0,0,1,2,0,0,0,1,0,0,0,20,8,0,100.0,Matchs
Gaëtan Perrin,fr FRA,MT,AT,Auxerre,28-213,1996,12.2,1,0,0,7,4,2,62,6,15,0,0,0,49,2,6,25.0,Matchs
Léo Pétrot,fr FRA,DF,Saint-Étienne,27-266,1997,11.5,3,0,0,9,12,1,16,19,23,0,2,0,47,12,14,46.2,Matchs
Đorđe Petrović,rs SRB,GB,Strasbourg,25-090,1999,13.0,1,0,0,0,1,0,0,0,0,0,0,0,23,0,0,,Matchs
Tom Pouilly,fr FRA,DF,Lens,21-202,2003,0.5,1,0,0,2,0,0,0,1,2,0,0,0,3,0,0,,Matchs
Adrien Rabiot,fr FRA,MT,Marseille,29-278,1995,9.6,2,0,0,25,9,2,12,10,15,0,0,0,54,13,10,56.5,Matchs
Gonçalo Ramos,pt POR,AT,Paris S-G,23-200,2001,2.1,0,0,0,0,2,3,0,0,3,0,0,0,1,8,3,72.7,Matchs
Lilian Raolisoa,fr FRA,DF,AT,Angers,24-204,2000,2.7,0,1,0,7,4,2,17,2,3,0,0,0,16,6,5,54.5,Matchs
Rayan Raveloson,mg MAD,MT,DF,Auxerre,27-356,1997,8.0,3,0,0,9,12,0,8,5,5,0,0,0,44,8,9,47.1,Matchs
Guillaume Restes,fr FRA,GB,Toulouse,19-301,2005,15.8,0,0,0,0,2,0,0,0,1,0,0,0,32,0,0,,Matchs
Alexsandro Ribeiro,br BRA,DF,Lille,25-150,1999,14.0,5,0,0,12,15,2,3,16,11,0,1,0,76,24,6,80.0,Matchs
Valentin Rongier,fr FRA,MT,DF,Marseille,30-030,1994,6.2,3,0,0,14,8,0,1,11,11,0,1,0,39,2,1,66.7,Matchs
Pablo Rosario,nl NED,MT,DF,Nice,27-365,1997,13.0,2,1,0,16,7,0,2,22,9,0,0,0,35,15,11,57.7,Matchs
Jon Rowe,eng ENG,AT,MT,Marseille,21-251,2003,4.5,2,0,0,8,14,3,14,1,6,0,0,0,12,2,6,25.0,Matchs
Fabián Ruiz Peña,es ESP,MT,Paris S-G,28-278,1996,8.8,0,0,0,0,5,2,15,10,10,0,0,0,54,3,7,30.0,Matchs
Gerónimo Rulli,ar ARG,GB,Marseille,32-231,1992,16.0,0,0,0,0,5,0,0,0,1,0,0,0,15,4,1,80.0,Matchs
Emmanuel Sabbi,us USA,MT,AT,Le Havre,27-013,1997,4.9,0,0,0,7,13,2,12,2,5,0,0,0,14,7,6,53.8,Matchs

Falaye Sacko,ml MLI,DF,Montpellier,29-250,1995,9.4,1,0,0,11,6,1,8,11,7,0,2,0,43,5,14,26.3,Matchs
Matvei Safonov,ru RUS,GB,Paris S-G,25-316,1999,4.8,0,0,0,0,1,0,0,1,0,0,0,0,10,0,0,,Matchs
Modibo Sagnan,ml MLI,DF,Montpellier,25-267,1999,13.3,7,0,0,22,9,1,0,17,17,0,0,0,54,20,26,43.5,Matchs
Osame Sahraoui,ma MAR,AT,MT,Lille,23-209,2001,9.0,1,0,0,4,8,1,8,4,4,0,0,0,31,0,6,0.0,Matchs
Wesley Saïd,fr FRA,AT,MT,Lens,29-262,1995,4.2,2,0,0,8,2,4,4,0,2,0,0,0,6,3,8,27.3,Matchs
Théo Sainte-Luce,fr FRA,MT,DF,Montpellier,26-078,1998,0.2,0,0,0,0,1,0,1,0,0,0,0,0,2,0,1,0.0,Matchs
Ibrahim Salah,ma MAR,AT,Brest,23-129,2001,3.7,0,0,0,6,3,1,14,1,2,0,0,0,20,1,2,33.3,Matchs
Amine Salama,fr FRA,AT,Reims,24-172,2000,3.0,0,0,0,2,1,2,3,0,2,0,0,0,9,1,2,33.3,Matchs
Mohammed Salisu,gh GHA,DF,Monaco,25-264,1999,7.3,2,0,0,6,2,0,0,8,11,0,0,0,28,23,8,74.2,Matchs
Yoann Salmier,gf GUF,DF,Le Havre,32-046,1992,7.6,3,0,0,7,2,0,1,6,6,0,1,0,20,15,11,57.7,Matchs
Mama Samba Baldé,gw GNB,AT,Lyon,29-061,1995,0.4,0,0,0,1,1,0,0,1,2,0,0,0,1,1,0,100.0,Matchs
Mama Samba Baldé,gw GNB,AT,Brest,29-061,1995,7.1,1,0,0,10,13,7,9,3,4,0,0,0,18,21,30,41.2,Matchs
Brice Samba,fr FRA,GB,Lens,30-256,1994,15.0,1,0,0,0,2,0,0,1,0,0,0,0,22,0,0,,Matchs
Arouna Sangante,sn SEN,DF,Le Havre,22-269,2002,5.8,2,0,0,11,5,1,1,14,7,0,0,0,21,12,8,60.0,Matchs
Nhoa Sangui,fr FRA,DF,Reims,18-314,2006,6.5,1,0,0,5,4,0,10,4,5,0,0,0,36,3,5,37.5,Matchs
Baptiste Santamaria,fr FRA,MT,Rennes,29-303,1995,5.4,1,0,0,5,7,0,4,12,4,1,0,1,34,13,13,50.0,Matchs
Andrey Santos,br BRA,MT,Strasbourg,20-248,2004,14.7,2,0,0,7,32,0,0,14,39,1,0,0,95,15,11,57.7,Matchs
Tiago Santos,pt POR,DF,Lille,22-167,2002,4.5,1,0,0,6,10,2,19,2,7,1,0,0,15,6,4,60.0,Matchs
Malang Sarr,fr FRA,DF,Lens,25-349,1999,3.3,0,0,0,1,2,0,1,5,3,0,1,0,17,1,0,100.0,Matchs
Mamadou Sarr,fr FRA,DF,Strasbourg,19-130,2005,9.5,1,0,0,12,6,0,0,9,10,0,0,0,41,10,13,43.5,Matchs
Martin Satriano,uy URU,AT,DF,Lens,23-321,2001,0.5,0,0,0,1,0,0,1,0,1,0,0,0,4,3,2,60.0,Matchs
Téji Savanier,fr FRA,MT,Montpellier,33-015,1991,13.1,3,1,0,11,28,1,109,10,11,0,0,0,57,13,8,61.9,Matchs
Niklas Schmidt,de GER,MT,Toulouse,26-311,1998,2.3,0,0,0,5,1,0,16,1,4,0,0,0,24,1,1,50.0,Matchs
Jérémy Sebas,mq MTQ,AT,MT,Strasbourg,21-267,2003,1.7,0,0,0,5,2,2,2,0,2,0,0,0,9,3,2,60.0,Matchs
Alidu Seidu,gh GHA,DF,Rennes,24-216,2000,8.9,4,0,0,10,28,1,4,14,18,0,0,0,67,9,11,45.0,Matchs

Marvin Senaya,tg TOG,DF,Strasbourg,23-344,2001,2.2,3,0,0,4,4,0,1,7,3,0,1,0,10,3,2,60.0,Matchs
Djibril Sidibé,fr FRA,DF,Toulouse,32-161,1992,12.1,1,0,0,13,15,0,26,15,19,0,0,0,63,10,7,58.8,Matchs
Vincent Sierro,ch SUI,MT,Toulouse,29-090,1995,13.7,2,0,0,14,15,0,48,11,17,0,0,0,81,22,18,55.0,Matchs
Caio Henrique Oliveira Silva,br BRA,DF,Monaco,27-159,1997,7.6,1,0,0,8,5,1,48,4,11,0,0,0,33,4,7,36.4,Matchs
Abdallah Sima,sn SEN,AT,Brest,23-203,2001,5.3,0,0,0,6,10,1,8,1,4,0,0,0,28,14,13,51.9,Matchs
Moses Simon,ng NGA,AT,Nantes,29-178,1995,13.1,1,0,0,5,19,7,98,9,7,0,0,0,62,5,17,22.7,Matchs
Lassine Sinayoko,ml MLI,AT,MT,Auxerre,25-029,1999,12.5,4,0,0,18,14,9,16,9,9,1,0,0,36,9,35,20.5,Matchs
Wilfried Singo,ci CIV,DF,Monaco,24-012,2000,12.2,3,0,0,21,16,3,6,26,15,0,0,0,80,23,14,62.2,Matchs
Ibrahim Sissoko,ml MLI,AT,Saint-Étienne,29-040,1995,8.9,1,0,0,35,20,8,2,2,9,0,0,0,22,24,42,36.4,Matchs
Niama Sissoko,ml MLI,AT,Reims,19-021,2005,0.2,0,0,0,0,0,0,0,0,0,0,0,0,1,1,2,33.3,Matchs
Leo Skiri Østigård,no NOR,DF,Rennes,25-039,1999,10.9,4,0,0,16,5,0,0,10,13,0,0,0,42,34,17,66.7,Matchs
Milan Škriniar,sk SVK,DF,Paris S-G,29-330,1995,4.2,1,0,0,4,5,1,0,3,5,0,0,0,25,7,5,58.3,Matchs
Naatan Skyttä,fi FIN,AT,Toulouse,22-244,2002,0.1,0,0,0,1,0,0,0,0,0,0,0,0,1,0,0,,Matchs
Eduard Sobol,ua UKR,DF,Strasbourg,29-261,1995,0.5,1,0,0,1,1,0,1,0,0,0,0,0,1,0,0,,Matchs
Florian Sotoca,fr FRA,AT,MT,Lens,34-073,1990,9.1,2,0,0,7,7,4,37,3,7,0,0,0,32,21,12,63.6,Matchs
Issa Soumaré,sn SEN,AT,MT,Le Havre,24-088,2000,6.9,0,0,0,7,16,1,10,3,2,0,0,0,32,24,23,51.1,Matchs
Saidou Sow,gn GUI,DF,Strasbourg,22-186,2002,11.3,2,0,0,7,5,1,0,15,5,0,1,0,36,16,15,51.6,Matchs
Lucas Stassin,be BEL,AT,Saint-Étienne,20-039,2004,6.9,2,0,0,17,5,4,6,0,6,1,0,0,7,6,12,33.3,Matchs
Enzo Sternal,fr FRA,AT,MT,Marseille,17-223,2007,0.3,1,0,0,0,0,0,0,0,0,0,0,0,0,0,1,0.0,Matchs
Gabriel Suazo,cl CHI,DF,Toulouse,27-150,1997,9.2,0,0,0,10,15,0,36,15,16,0,0,0,48,6,10,37.5,Matchs
Abakar Sylla,ci CIV,DF,Strasbourg,22-012,2002,7.2,2,0,0,14,7,0,0,7,10,0,0,1,29,12,10,54.5,Matchs
Issiaga Sylla,gn GUI,DF,Montpellier,31-005,1994,8.6,1,0,0,10,5,0,19,7,6,0,0,0,43,16,12,57.1,Matchs
Musa Al-Taamari,jo JOR,AT,MT,Montpellier,27-210,1997,8.4,2,0,0,4,20,2,12,3,8,1,0,0,37,4,5,44.4,Matchs
Nicolás Tagliafico,ar ARG,DF,Lyon,32-128,1992,7.9,3,0,0,9,10,1,14,17,17,0,0,0,39,18,10,64.3,Matchs
Florian Tardieu,fr FRA,MT,Saint-Étienne,32-259,1992,1.9,0,0,0,1,2,0,1,3,1,0,0,0,18,1,1,50.0,Matchs

Oussama Targhalline,ma MAR,MT,Le Havre,22-231,2002,9.3,0,0,0,10,9,4,13,14,13,0,0,0,36,8,4,66.7,Matchs
Enzo Tchato,cm CMR,DF,Montpellier,22-044,2002,11.8,3,0,0,11,8,0,39,15,15,0,0,0,39,10,6,62.5,Matchs
Tanner Tessmann,us USA,MT,Lyon,23-104,2001,2.7,0,0,0,2,2,0,8,6,5,0,0,0,13,0,4,0.0,Matchs
Teddy Teuma,mt MLT,MT,Reims,31-098,1993,3.5,1,0,0,5,5,0,23,5,4,0,0,0,15,2,2,50.0,Matchs
Jordan Teze,nl NED,DF,Monaco,25-098,1999,3.4,2,1,0,8,2,1,4,2,5,0,0,0,11,5,4,55.6,Matchs
Sorba Thomas,wls WAL,AT,MT,Nantes,25-137,1999,8.2,0,0,0,6,9,2,75,2,4,0,0,0,35,1,10,9.1,Matchs
Adrien Thomasson,fr FRA,MT,Lens,31-027,1993,14.4,1,0,0,28,21,5,41,11,29,0,0,0,113,8,21,27.6,Matchs
Corentin Tolisso,fr FRA,MT,Lyon,30-156,1994,10.9,2,0,0,23,20,2,9,9,12,0,1,0,53,23,32,41.8,Matchs
Abdoulaye Touré,gn GUI,MT,Le Havre,30-309,1994,13.9,3,0,0,18,20,0,4,20,19,0,0,0,89,17,10,63.0,Matchs
Birama Touré,ml MLI,MT,DF,Montpellier,32-214,1992,3.3,2,0,0,2,5,0,0,5,5,0,0,0,14,4,4,50.0,Matchs
Ousmane Toure,fr FRA,DF,Lille,19-323,2005,0.1,0,0,0,0,0,0,0,1,0,0,0,0,1,1,0,100.0,Matchs
Adrien Truffert,fr FRA,DF,MT,Rennes,23-047,2001,12.6,3,0,0,15,8,1,34,9,13,0,0,0,54,15,13,53.6,Matchs
Vanderson,br BRA,DF,Monaco,23-199,2001,10.4,5,1,1,14,11,0,16,24,20,0,0,0,73,12,10,54.5,Matchs
Jordan Veretout,fr FRA,MT,Lyon,31-311,1993,9.9,3,0,0,16,5,0,17,1,6,0,0,0,43,4,10,28.6,Matchs
Ben Viadere,fr FRA,MT,Auxerre,19-126,2005,0.1,0,0,0,0,0,0,4,0,0,0,0,0,0,0,1,0.0,Matchs
Vitinha,pt POR,MT,Paris S-G,24-328,2000,11.5,0,0,0,1,7,0,10,5,9,0,0,0,63,0,2,0.0,Matchs
Ibrahima Wadji,sn SEN,MT,AT,Saint-Étienne,29-246,1995,1.2,0,0,0,3,0,3,1,0,4,0,0,0,2,2,3,40.0,Matchs
Elye Wahi,fr FRA,AT,Marseille,22-004,2003,6.4,1,0,0,17,8,10,2,1,0,0,0,0,8,4,13,23.5,Matchs
Caleb Wiley,us USA,DF,MT,Strasbourg,20-015,2004,3.0,1,0,0,2,2,0,7,4,0,0,0,0,17,0,4,0.0,Matchs
Christopher Wooh,cm CMR,DF,Rennes,23-110,2001,9.8,2,0,0,17,5,0,0,11,12,0,0,1,30,23,11,67.6,Matchs
Etienne Youte Kinkoue,fr FRA,DF,Le Havre,22-358,2002,11.5,3,1,0,8,3,0,2,13,4,0,0,0,31,10,11,47.6,Matchs
Yoram Zague,fr FRA,DF,Paris S-G,18-236,2006,1.8,0,0,0,2,0,0,3,2,3,0,0,0,3,1,1,50.0,Matchs
Wilfried Zaha,ci CIV,AT,Lyon,32-057,1992,0.8,0,0,0,2,2,0,0,1,1,0,0,0,2,0,0,,Matchs
Warren Zaïre-Emery,fr FRA,MT,DF,Paris S-G,18-304,2006,12.6,2,0,0,13,12,1,2,13,14,0,0,0,84,5,11,31.3,Matchs
Miha Zajc,si SVN,MT,Toulouse,30-189,1994,1.5,1,0,0,4,0,0,1,2,1,0,0,0,7,2,6,25.0,Matchs

Denis Zakaria,ch SUI,MT,Monaco,28-047,1996,9.3,2,0,0,7,8,0,3,14,8,0,1,0,68,5,5,50.0,Matchs
Anass Zaroury,ma MAR,AT,MT,Lens,24-060,2000,7.6,2,1,1,6,13,2,46,1,6,0,0,0,30,2,1,66.7,Matchs
Nathan Zeze,fr FRA,DF,Nantes,19-202,2005,10.8,3,0,0,8,7,0,1,17,14,0,0,0,49,16,17,48.5,Matchs
Edon Zhegrova,xk KVX,AT,MT,Lille,25-281,1999,10.9,1,0,0,10,11,5,58,4,2,0,0,0,42,3,2,60.0,Matchs
Luc Zogbé,ci CIV,DF,Brest,19-288,2005,3.4,0,0,0,5,6,0,7,4,9,0,0,0,23,6,1,85.7,Matchs
Aristide Zossou,ci CIV,MT,Auxerre,19-206,2005,0.1,0,0,0,1,0,0,0,0,0,0,0,0,0,0,0,,Matchs
Yanis Zouaoui,dz ALG,DF,AT,Le Havre,30-180,1994,3.6,0,0,0,5,5,1,26,2,3,0,0,0,16,3,1,75.0,Matchs
Gabin Capuano,,,Lens,,,0.1,0,0,0,1,0,0,0,0,0,,,0,,,,,Matchs
Yoann Cissé,,,Auxerre,,,0.0,0,0,0,0,0,0,0,0,0,,,0,,,,,Matchs
