nom;image_url
Keyliane Abdallah;https://img.a.transfermarkt.technology/portrait/big/default.jpg
Yunis Abdelhamid;https://img.a.transfermarkt.technology/portrait/big/199704-1727723225.jpg
Himad Abdelli;https://img.a.transfermarkt.technology/portrait/big/592979-1672670828.jpg
Mohamed Abdelmoneim;https://img.a.transfermarkt.technology/portrait/big/default.jpg
Ali Abdi;https://img.a.transfermarkt.technology/portrait/big/211474-1669277406.jpg
Matthis Abline;https://img.a.transfermarkt.technology/portrait/big/659543-1704213657.jpg
Abner;https://img.a.transfermarkt.technology/portrait/big/646402-1727464001.jpg
Zakaria Aboukhlal;https://img.a.transfermarkt.technology/portrait/big/393238-1629444913.jpg
Akor Adams;https://img.a.transfermarkt.technology/portrait/big/607034-1702663135.JPG
Martin Adeline;https://img.a.transfermarkt.technology/portrait/big/814976-1723836232.png
Adryelson;https://img.a.transfermarkt.technology/portrait/big/373433-1733188388.jpg
Emmanuel Agbadou;https://img.a.transfermarkt.technology/portrait/big/683895-1723821154.png
Ruben Aguilar;https://img.a.transfermarkt.technology/portrait/big/203746-1614090581.jpg
Jean-Eudes Aholou;https://img.a.transfermarkt.technology/portrait/big/178313-1525697526.jpg
Ayman Aiki;https://img.a.transfermarkt.technology/portrait/big/986261-1727721449.jpg
Ludovic Ajorque;https://img.a.transfermarkt.technology/portrait/big/283994-1692000251.jpg
Ümit Akdag;https://img.a.transfermarkt.technology/portrait/big/958647-1724664658.jpg
Sergio Akieme;https://img.a.transfermarkt.technology/portrait/big/355627-1723835849.png
Maghnes Akliouche;https://img.a.transfermarkt.technology/portrait/big/745200-1717406573.jpg
Clément Akpa;https://img.a.transfermarkt.technology/portrait/big/806793-1709202392.jpg
Mohamed Ali Cho;https://img.a.transfermarkt.technology/portrait/big/670847-1655064069.jpg
Jim Allevinah;https://img.a.transfermarkt.technology/portrait/big/646733-1679510299.jpg
Jordan Amavi;https://img.a.transfermarkt.technology/portrait/big/241229-1598304378.jpg
Kelvin Amian;https://img.a.transfermarkt.technology/portrait/big/344072-1638174640.jpg
Michael Amir Murillo;https://img.a.transfermarkt.technology/portrait/big/354482-1719228286.jpg
Mathis Amougou;https://img.a.transfermarkt.technology/portrait/big/1010854-1727721658.jpg
Benjamin André;https://img.a.transfermarkt.technology/portrait/big/84301-1666690769.jpg
Dennis Appiah;https://img.a.transfermarkt.technology/portrait/big/111038-1727723257.jpg
Carlens Arcus;https://img.a.transfermarkt.technology/portrait/big/371686-1599423865.jpg
Hákon Arnar Haraldsson;https://img.a.transfermarkt.technology/portrait/big/652275-1662491592.jpg
Marco Asensio;https://img.a.transfermarkt.technology/portrait/big/296622-1664970818.jpg
Lorenz Assignon;https://img.a.transfermarkt.technology/portrait/big/711969-1666699250.jpg
Dehmaine Assoumani;https://img.a.transfermarkt.technology/portrait/big/default.jpg
Valentin Atangana Edoa;https://img.a.transfermarkt.technology/portrait/big/923759-1723836219.png
Florian Ayé;https://img.a.transfermarkt.technology/portrait/big/372713-1567613065.jpg
André Ayew;https://img.a.transfermarkt.technology/portrait/big/45403-1668429304.jpg
Neil El Aynaoui;https://img.a.transfermarkt.technology/portrait/big/901019-1685539384.jpg
Shavy Babicka;https://img.a.transfermarkt.technology/portrait/big/916920-1668887323.jpg
Theo Bair;https://img.a.transfermarkt.technology/portrait/big/501709-1618858914.jpg
Mitchel Bakker;https://img.a.transfermarkt.technology/portrait/big/361065-1658913284.jpg
Darryl Bakola;https://img.a.transfermarkt.technology/portrait/big/1170286-1736792764.jpg
Dilane Bakwa;https://img.a.transfermarkt.technology/portrait/big/540664-1732575429.png
Leonardo Balerdi;https://img.a.transfermarkt.technology/portrait/big/575998-1640777749.jpg
Folarin Balogun;https://img.a.transfermarkt.technology/portrait/big/503770-1672838317.jpg
Abdoulaye Bamba;https://img.a.transfermarkt.technology/portrait/big/62351-1588852339.jpg
Mohamed Bamba;https://img.a.transfermarkt.technology/portrait/big/619461-1706309019.jpg
Bradley Barcola;https://img.a.transfermarkt.technology/portrait/big/708265-1653406915.jpg
Melvin Bard;https://img.a.transfermarkt.technology/portrait/big/532775-1649428267.jpg
Gabriel Bares;https://img.a.transfermarkt.technology/portrait/big/484743-1697213472.jpg
Dylan Batubinsika;https://img.a.transfermarkt.technology/portrait/big/289432-1727722809.jpg
Haris Belkebla;https://img.a.transfermarkt.technology/portrait/big/138055-1617877225.jpg
Yassin Belkhdim;https://img.a.transfermarkt.technology/portrait/big/807688-1672329587.jpg
Eliesse Ben Seghir;https://img.a.transfermarkt.technology/portrait/big/810895-1682691420.jpg
Saïd Benrahma;https://img.a.transfermarkt.technology/portrait/big/290532-1686212081.jpg
Lucas Beraldo;https://img.a.transfermarkt.technology/portrait/big/872171-1715107660.jpg
Dimitry Bertaud;https://img.a.transfermarkt.technology/portrait/big/371816-1702663704.JPG
Emmanuel Biumla;https://img.a.transfermarkt.technology/portrait/big/default.jpg
Marco Bizot;https://img.a.transfermarkt.technology/portrait/big/124884-1707302509.jpg
Ludovic Blas;https://img.a.transfermarkt.technology/portrait/big/288225-1596557793.jpg
Augustine Boakye;https://img.a.transfermarkt.technology/portrait/big/579263-1727722384.jpg
Jeremie Boga;https://img.a.transfermarkt.technology/portrait/big/216569-1661509174.jpg
Moïse Bombito;https://img.a.transfermarkt.technology/portrait/big/1089202-1709402219.jpg
Saïmon Bouabré;https://img.a.transfermarkt.technology/portrait/big/955356-1693947953.png
Ayyoub Bouaddi;https://img.a.transfermarkt.technology/portrait/big/1097139-1732539423.jpg
Badredine Bouanani;https://img.a.transfermarkt.technology/portrait/big/707242-1674921221.jpg
Benjamin Bouchouari;https://img.a.transfermarkt.technology/portrait/big/783094-1727722364.jpg
Hicham Boudaoui;https://img.a.transfermarkt.technology/portrait/big/560593-1649428044.jpg
Benjamin Bourigeaud;https://img.a.transfermarkt.technology/portrait/big/266359-1668529076.jpg
Bilal Brahimi;https://img.a.transfermarkt.technology/portrait/big/543051-1597691251.jpg
Lilian Brassier;https://img.a.transfermarkt.technology/portrait/big/485960-1736237346.jpg
Aurélio Buta;https://img.a.transfermarkt.technology/portrait/big/258039-1725288770.png
Marcin Bu?ka;https://img.a.transfermarkt.technology/portrait/big/465955-1611915733.jpg
Rémy Cabella;https://img.a.transfermarkt.technology/portrait/big/113707-1666690101.jpg
Mathieu Cafaro;https://img.a.transfermarkt.technology/portrait/big/399383-1727721832.jpg
Duje ?aleta-Car;https://img.a.transfermarkt.technology/portrait/big/238266-1662069879.jpg
Issiaga Camara;https://img.a.transfermarkt.technology/portrait/big/1180835-1732833301.jpg
Lamine Camara;https://img.a.transfermarkt.technology/portrait/big/918969-1726834088.jpg
Mahdi Camara;https://img.a.transfermarkt.technology/portrait/big/324795-1710182811.jpg
Axel Camblan;https://img.a.transfermarkt.technology/portrait/big/924800-1685635027.jpg
Jaydee Canvot;https://img.a.transfermarkt.technology/portrait/big/default.jpg
Pierrick Capelle;https://img.a.transfermarkt.technology/portrait/big/214532-1595883152.jpg
Gabin Capuano;https://img.a.transfermarkt.technology/portrait/big/default.jpg
Maxence Caqueret;https://img.a.transfermarkt.technology/portrait/big/395237-1672831706.jpg
Valentin Carboni;https://img.a.transfermarkt.technology/portrait/big/787618-1667405332.jpg
Patrik Carlgren;https://img.a.transfermarkt.technology/portrait/big/190280-1726237403.jpg
Josué Casimir;https://img.a.transfermarkt.technology/portrait/big/763182-1661006947.jpg
Cristian Cásseres Jr.;https://img.a.transfermarkt.technology/portrait/big/467632-1646141354.JPG
Jean-Charles Castelletto;https://img.a.transfermarkt.technology/portrait/big/182875-1704213298.jpg
Fabien Centonze;https://img.a.transfermarkt.technology/portrait/big/384859-1703065658.jpg
Brendan Chardonnet;https://img.a.transfermarkt.technology/portrait/big/250779-1582538208.jpg
Jhoanner Chávez;https://img.a.transfermarkt.technology/portrait/big/713787-1656676313.JPG
Théo Chennahi;https://img.a.transfermarkt.technology/portrait/big/default.jpg
Sidiki Cherif;https://img.a.transfermarkt.technology/portrait/big/986288-1728485121.jpg
Rayan Cherki;https://img.a.transfermarkt.technology/portrait/big/607223-1672831487.jpg
Lucas Chevalier;https://img.a.transfermarkt.technology/portrait/big/463600-1708342501.jpg
Pedro Chirivella;https://img.a.transfermarkt.technology/portrait/big/242273-1703065623.jpg
Joris Chotard;https://img.a.transfermarkt.technology/portrait/big/624037-1702663463.JPG
Yoann Cissé;https://img.a.transfermarkt.technology/portrait/big/default.jpg
Jonathan Clauss;https://img.a.transfermarkt.technology/portrait/big/175639-1666815234.jpg
Marcus Coco;https://img.a.transfermarkt.technology/portrait/big/353365-1704213736.jpg
Alois Confais;https://img.a.transfermarkt.technology/portrait/big/292820-1449738743.jpg
Derek Cornelius;https://img.a.transfermarkt.technology/portrait/big/328609-1618857970.jpg
Pierre Cornud;https://img.a.transfermarkt.technology/portrait/big/536156-1727723010.jpg
David Costa;https://img.a.transfermarkt.technology/portrait/big/719442-1630606082.jpg
Logan Costa;https://img.a.transfermarkt.technology/portrait/big/484988-1708555203.jpg
Grégoire Coudert;
Lasso Coulibaly;https://img.a.transfermarkt.technology/portrait/big/658534-1715880766.jpg
Soumaïla Coulibaly;https://img.a.transfermarkt.technology/portrait/big/659513-1657285323.jpg
Tanguy Coulibaly;https://img.a.transfermarkt.technology/portrait/big/618425-1657182257.jpg
Nicolas Cozza;https://img.a.transfermarkt.technology/portrait/big/485965-1689865641.jpg
Charlie Cresswell;https://img.a.transfermarkt.technology/portrait/big/597659-1641461698.jpg
Kévin Danois;https://img.a.transfermarkt.technology/portrait/big/743496-1672330479.jpg
Kevin Danso;https://img.a.transfermarkt.technology/portrait/big/263236-1691217955.png
Dante;https://img.a.transfermarkt.technology/portrait/big/16136-1603016168.jpg
Pape Daouda Diongue;
Mohammed Daramy;https://img.a.transfermarkt.technology/portrait/big/574385-1723837255.png
Jonathan David;https://img.a.transfermarkt.technology/portrait/big/533738-1666690584.jpg
Zuriko Davitashvili;https://img.a.transfermarkt.technology/portrait/big/427572-1727721934.jpg
Théo De Percin;https://img.a.transfermarkt.technology/portrait/big/695422-1672329898.jpg
Thibault De Smet;https://img.a.transfermarkt.technology/portrait/big/340177-1723835956.png
Romain Del Castillo;https://img.a.transfermarkt.technology/portrait/big/353399-1593964996.jpg
Ousmane Dembélé;https://img.a.transfermarkt.technology/portrait/big/288230-1684148641.jpg
Arthur Desmas;https://img.a.transfermarkt.technology/portrait/big/379869-1625740346.jpg
Mamadou Diakhon;https://img.a.transfermarkt.technology/portrait/big/1054839-1723837204.png
Bafodé Diakité;https://img.a.transfermarkt.technology/portrait/big/463605-1666691072.jpg
Oumar Diakité;https://img.a.transfermarkt.technology/portrait/big/847279-1723837401.png
Habib Diarra;https://img.a.transfermarkt.technology/portrait/big/876631-1732576173.png
Krépin Diatta;https://img.a.transfermarkt.technology/portrait/big/490426-1668163198.jpg
Kandet Diawara;https://img.a.transfermarkt.technology/portrait/big/default.jpg
Mahamadou Diawara;https://img.a.transfermarkt.technology/portrait/big/1053147-1713179514.jpeg
Bamba Dieng;https://img.a.transfermarkt.technology/portrait/big/822458-1668163298.jpg
Kembo Diliwidi;https://img.a.transfermarkt.technology/portrait/big/default.jpg
Sinaly Diomande;https://img.a.transfermarkt.technology/portrait/big/702441-1672831343.jpg
Lois Diony;https://img.a.transfermarkt.technology/portrait/big/126552-1672670286.jpg
Sofiane Diop;https://img.a.transfermarkt.technology/portrait/big/569389-1614091046.jpg
Andy Diouf;https://img.a.transfermarkt.technology/portrait/big/711976-1637070021.jpg
Yehvann Diouf;https://img.a.transfermarkt.technology/portrait/big/448632-1723831136.png
Assane Dioussé;https://img.a.transfermarkt.technology/portrait/big/287635-1657714916.jpg
Álex Domínguez;https://img.a.transfermarkt.technology/portrait/big/524937-1708555939.jpg
Gianluigi Donnarumma;https://img.a.transfermarkt.technology/portrait/big/315858-1672304477.jpg
Désiré Doué;https://img.a.transfermarkt.technology/portrait/big/914562-1667317075.jpg
Guela Doué;https://img.a.transfermarkt.technology/portrait/big/711980-1732575765.png
Douglas;https://img.a.transfermarkt.technology/portrait/big/447661-1696598670.jpg
Ismaël Doukouré;https://img.a.transfermarkt.technology/portrait/big/786436-1732576094.png
Kamory Doumbia;https://img.a.transfermarkt.technology/portrait/big/671594-1639672362.png
Amidou Doumbouya;https://img.a.transfermarkt.technology/portrait/big/default.jpg
Jean-Kevin Duverne;https://img.a.transfermarkt.technology/portrait/big/344864-1704213124.jpg
Stefan Dodi?;
Aron Dønnum;https://img.a.transfermarkt.technology/portrait/big/476836-1678012976.jpg
Jacques Ekomie;https://img.a.transfermarkt.technology/portrait/big/970279-1699019588.jpg
Pierre Ekwah Elimby;https://img.a.transfermarkt.technology/portrait/big/538994-1727722378.jpg
Breel Embolo;https://img.a.transfermarkt.technology/portrait/big/237662-1669288888.jpg
Emanuel Emegha;https://img.a.transfermarkt.technology/portrait/big/559328-1732575392.png
Romain Faivre;https://img.a.transfermarkt.technology/portrait/big/555076-1672831296.jpg
Khalil Fayad;https://img.a.transfermarkt.technology/portrait/big/782630-1702663427.JPG
Zinedine Ferhat;https://img.a.transfermarkt.technology/portrait/big/232895-1669801210.png
Edimilson Fernandes;https://img.a.transfermarkt.technology/portrait/big/247555-1628596987.jpg
Matias Fernandez-Pardo;https://img.a.transfermarkt.technology/portrait/big/724129-1690099031.jpg
Jordan Ferri;https://img.a.transfermarkt.technology/portrait/big/118284-1702663473.JPG
Karol Fila;https://img.a.transfermarkt.technology/portrait/big/385817-1716940036.jpg
Malick Fofana;https://img.a.transfermarkt.technology/portrait/big/743386-1676881156.jpg
Seko Fofana;https://img.a.transfermarkt.technology/portrait/big/182893-1653394911.jpg
Yahia Fofana;https://img.a.transfermarkt.technology/portrait/big/418651-1672669760.jpg
Lamine Fomba;https://img.a.transfermarkt.technology/portrait/big/391376-1727722269.jpg
Przemys?aw Frankowski;https://img.a.transfermarkt.technology/portrait/big/239743-1669189009.jpg
Angelo Fulgini;https://img.a.transfermarkt.technology/portrait/big/250013-1657707374.jpg
Gauthier Gallon;https://img.a.transfermarkt.technology/portrait/big/193256-1583139111.jpg
Ignatius Ganago;https://img.a.transfermarkt.technology/portrait/big/531949-1704213628.jpg
Ulisses Garcia;https://img.a.transfermarkt.technology/portrait/big/192616-1700236348.jpg
Jean-Philippe Gbamin;https://img.a.transfermarkt.technology/portrait/big/182894-1705317996.png
Yann Gboho;https://img.a.transfermarkt.technology/portrait/big/463613-1672485001.jpg
Denis Genreau;https://img.a.transfermarkt.technology/portrait/big/470618-1625839037.jpg
Aleksandr Golovin;https://img.a.transfermarkt.technology/portrait/big/263918-1614091807.jpg
André Gomes;https://img.a.transfermarkt.technology/portrait/big/221025-1666691237.jpg
Angel Gomes;https://img.a.transfermarkt.technology/portrait/big/392770-1666690396.jpg
Carlos Gómez;https://img.a.transfermarkt.technology/portrait/big/957461-1711315579.jpg
Amine Gouiri;https://img.a.transfermarkt.technology/portrait/big/418659-1649428727.jpg
Jonathan Gradit;https://img.a.transfermarkt.technology/portrait/big/126557-1544023393.jpg
Samuel Grandsir;https://img.a.transfermarkt.technology/portrait/big/432772-1646080113.JPG
Mason Greenwood;https://img.a.transfermarkt.technology/portrait/big/532826-1693987766.jpg
Albert Grønbaek;https://img.a.transfermarkt.technology/portrait/big/503866-1729079861.jpg
Gabriel Gudmundsson;https://img.a.transfermarkt.technology/portrait/big/362108-1666691160.jpg
Axel Gueguin;https://img.a.transfermarkt.technology/portrait/big/981977-1683110355.jpg
Evann Guessand;https://img.a.transfermarkt.technology/portrait/big/500689-1596556363.jpg
Bahereba Guirassy;https://img.a.transfermarkt.technology/portrait/big/1119453-1726236547.jpg
Massadio Haïdara;https://img.a.transfermarkt.technology/portrait/big/170929-1599767241.jpg
Achraf Hakimi;https://img.a.transfermarkt.technology/portrait/big/398073-1672304327.jpg
Florent Hanin;https://img.a.transfermarkt.technology/portrait/big/111811-1547404478.png
Amine Harit;https://img.a.transfermarkt.technology/portrait/big/372711-1666815306.jpg
Hans Hateboer;https://img.a.transfermarkt.technology/portrait/big/275303-1661509184.jpg
Luis Henrique;https://img.a.transfermarkt.technology/portrait/big/691316-1632769083.jpg
Lucas Hernández;https://img.a.transfermarkt.technology/portrait/big/281963-1667830435.jpg
Ki-Jana Hoever;https://img.a.transfermarkt.technology/portrait/big/485583-1724259461.jpg
Cédric Hountondji;https://img.a.transfermarkt.technology/portrait/big/198709-1625741459.jpg
Ilyes Housni;https://img.a.transfermarkt.technology/portrait/big/825437-1665043208.jpg
Pierre Højbjerg;
George Ilenikhena;https://img.a.transfermarkt.technology/portrait/big/1004834-1702545922.jpg
Rare? Ilie;https://img.a.transfermarkt.technology/portrait/big/812654-1667549482.jpg
Ismaily;https://img.a.transfermarkt.technology/portrait/big/124028-1666690981.jpg
Yanis Issoufou;https://img.a.transfermarkt.technology/portrait/big/1047104-1700736209.jpg
Junya Ito;https://img.a.transfermarkt.technology/portrait/big/348791-1723820780.png
Ismail Jakobs;https://img.a.transfermarkt.technology/portrait/big/375137-1666691935.jpg
Jordan James;https://img.a.transfermarkt.technology/portrait/big/667517-1675157129.png
Karl-Johan Johnsson;https://img.a.transfermarkt.technology/portrait/big/112822-1732486706.png
Paul Joly;https://img.a.transfermarkt.technology/portrait/big/806168-1667290785.jpg
Jota;https://img.a.transfermarkt.technology/portrait/big/340950-1716296423.jpg
Antoine Joujou;https://img.a.transfermarkt.technology/portrait/big/1028162-1683803729.jpg
Jubal;https://img.a.transfermarkt.technology/portrait/big/149928-1478101058.jpg
Hamed Junior Traorè;https://img.a.transfermarkt.technology/portrait/big/391065-1596029805.jpg
Yaya Kader Fofana;https://img.a.transfermarkt.technology/portrait/big/1044893-1723838377.png
Tino Kadewere;https://img.a.transfermarkt.technology/portrait/big/384060-1640776127.jpg
Arnaud Kalimuendo;https://img.a.transfermarkt.technology/portrait/big/585959-1666698479.jpg
Waren Kamanzi;
Glen Kamara;https://img.a.transfermarkt.technology/portrait/big/242632-1663177745.jpg
Nordine Kandil;https://img.a.transfermarkt.technology/portrait/big/891379-1692034805.png
Lee Kang-in;
Yassine Kechta;https://img.a.transfermarkt.technology/portrait/big/667967-1675949617.jpg
Thilo Kehrer;https://img.a.transfermarkt.technology/portrait/big/228948-1663242446.jpg
Reda Khadra;https://img.a.transfermarkt.technology/portrait/big/405686-1723836051.png
Wahbi Khazri;https://img.a.transfermarkt.technology/portrait/big/103565-1702663230.JPG
Abdukodir Khusanov;https://img.a.transfermarkt.technology/portrait/big/763079-1684599647.png
Joshua King;https://img.a.transfermarkt.technology/portrait/big/91059-1696447644.png
Cédric Kipré;https://img.a.transfermarkt.technology/portrait/big/364827-1723832143.png
Hervé Koffi;https://img.a.transfermarkt.technology/portrait/big/415383-1672499883.jpg
Philipp Köhn;https://img.a.transfermarkt.technology/portrait/big/251322-1661531623.png
Randal Kolo Muani;https://img.a.transfermarkt.technology/portrait/big/487969-1718697120.jpg
Geoffrey Kondogbia;https://img.a.transfermarkt.technology/portrait/big/127189-1703066053.jpg
Abdoul Koné;https://img.a.transfermarkt.technology/portrait/big/534377-1694295048.jpg
Amadou Koné;https://img.a.transfermarkt.technology/portrait/big/1178474-1723820351.png
Ismaël Koné;https://img.a.transfermarkt.technology/portrait/big/921655-1646130817.jpg
Emmanuel Koum Mbondo;
Boubakar Kouyaté;https://img.a.transfermarkt.technology/portrait/big/211637-1702665133.JPG
Sael Kumbedi;https://img.a.transfermarkt.technology/portrait/big/951579-1672831110.jpg
Daler Kuzyaev;https://img.a.transfermarkt.technology/portrait/big/279570-1658064471.png
Rémy Labeau Lascary;https://img.a.transfermarkt.technology/portrait/big/917778-1676913774.jpg
Gaëtan Laborde;https://img.a.transfermarkt.technology/portrait/big/181378-1596553589.jpg
Alexandre Lacazette;https://img.a.transfermarkt.technology/portrait/big/93720-1672830448.jpg
Alban Lafont;https://img.a.transfermarkt.technology/portrait/big/357117-1704212970.jpg
Kenny Lala;https://img.a.transfermarkt.technology/portrait/big/174196-1677254936.jpg
Mohamed Lamine Bayo;https://img.a.transfermarkt.technology/portrait/big/594991-1625740933.jpg
Gautier Larsonneur;https://img.a.transfermarkt.technology/portrait/big/357047-1727720726.jpg
Julien Le Cardinal;https://img.a.transfermarkt.technology/portrait/big/794349-1727808054.jpg
Jérémy Le Douaron;https://img.a.transfermarkt.technology/portrait/big/737781-1617875994.jpg
Benjamin Lecomte;https://img.a.transfermarkt.technology/portrait/big/127181-1702663657.JPG
Pierre Lees-Melou;https://img.a.transfermarkt.technology/portrait/big/377393-1710182831.jpg
Jordan Lefort;https://img.a.transfermarkt.technology/portrait/big/192492-1544024064.jpg
Félix Lemaréchal;https://img.a.transfermarkt.technology/portrait/big/659518-1732576183.png
Donovan Léon;https://img.a.transfermarkt.technology/portrait/big/170911-1593969267.jpg
Esteban Lepaul;https://img.a.transfermarkt.technology/portrait/big/461607-1714504848.jpg
Johann Lepenant;https://img.a.transfermarkt.technology/portrait/big/585973-1672830993.jpg
Louis Leroux;https://img.a.transfermarkt.technology/portrait/big/default.jpg
Pol Lirola;https://img.a.transfermarkt.technology/portrait/big/298975-1673514557.jpg
Gautier Lloris;https://img.a.transfermarkt.technology/portrait/big/249636-1704795536.jpg
Andy Logbo;https://img.a.transfermarkt.technology/portrait/big/default.jpg
Anthony Lopes;https://img.a.transfermarkt.technology/portrait/big/60561-1640775949.jpg
Jordan Lotomba;https://img.a.transfermarkt.technology/portrait/big/313094-1729850115.jpg
Tom Louchet;https://img.a.transfermarkt.technology/portrait/big/750904-1714473093.jpg
Milos Lukovic;https://img.a.transfermarkt.technology/portrait/big/845872-1732575357.png
Othmane Maamma;https://img.a.transfermarkt.technology/portrait/big/1081219-1726265183.jpg
Deiver Machado;https://img.a.transfermarkt.technology/portrait/big/332560-1704797088.jpg
Yvann Macon;https://img.a.transfermarkt.technology/portrait/big/580747-1727722966.jpg
Eros Maddy;https://img.a.transfermarkt.technology/portrait/big/412934-1605470824.jpg
Soungoutou Magassa;https://img.a.transfermarkt.technology/portrait/big/745181-1666691600.jpg
Hugo Magnetti;https://img.a.transfermarkt.technology/portrait/big/474662-1582538510.jpg
Frank Magri;https://img.a.transfermarkt.technology/portrait/big/807689-1653399470.jpg
Ainsley Maitland-Niles;https://img.a.transfermarkt.technology/portrait/big/285845-1702991138.jpg
Rados?aw Majecki;https://img.a.transfermarkt.technology/portrait/big/346546-1672484869.jpg
Nikola Maksimovi?;https://img.a.transfermarkt.technology/portrait/big/124715-1696432924.png
Hianga Mananga Mbock;
Steve Mandanda;https://img.a.transfermarkt.technology/portrait/big/23951-1666698933.jpg
Aïssa Mandi;https://img.a.transfermarkt.technology/portrait/big/80293-1704566125.jpg
Orel Mangala;https://img.a.transfermarkt.technology/portrait/big/289592-1657181518.jpg
Sekou Mara;https://img.a.transfermarkt.technology/portrait/big/557612-1731603567.png
Marquinhos;https://img.a.transfermarkt.technology/portrait/big/181767-1672303747.jpg
Jonas Martin;https://img.a.transfermarkt.technology/portrait/big/127142-1676911402.jpg
Han-Noah Massengo;https://img.a.transfermarkt.technology/portrait/big/536508-1700738313.jpg
Clinton Mata;https://img.a.transfermarkt.technology/portrait/big/187718-1616529648.jpg
Eliot Matazo;https://img.a.transfermarkt.technology/portrait/big/535834-1706869303.jpg
Nemanja Mati?;https://img.a.transfermarkt.technology/portrait/big/74683-1655212906.jpg
Azor Matusiwa;https://img.a.transfermarkt.technology/portrait/big/315145-1639675049.png
Neal Maupay;https://img.a.transfermarkt.technology/portrait/big/217115-1700737951.jpg
Christian Mawissa;https://img.a.transfermarkt.technology/portrait/big/1005240-1708555606.jpg
Senny Mayulu;https://img.a.transfermarkt.technology/portrait/big/903693-1716562599.jpg
Ethan Mbappé;https://img.a.transfermarkt.technology/portrait/big/903666-1716562689.jpg
Ibrahim Mbaye;https://img.a.transfermarkt.technology/portrait/big/1185888-1723831727.jpg
Mark McKenzie;https://img.a.transfermarkt.technology/portrait/big/429259-1714036622.png
Facundo Medina;https://img.a.transfermarkt.technology/portrait/big/474800-1653402999.jpg
Henrik Meister;https://img.a.transfermarkt.technology/portrait/big/914934-1723453803.jpg
Bamo Meïté;https://img.a.transfermarkt.technology/portrait/big/807165-1724754649.jpg
Mohamed Meité;
Farid El Melali;https://img.a.transfermarkt.technology/portrait/big/425400-1672670238.jpg
Nuno Mendes;https://img.a.transfermarkt.technology/portrait/big/616341-1672304855.jpg
Antoine Mendy;https://img.a.transfermarkt.technology/portrait/big/891998-1667549413.jpg
Nampalys Mendy;https://img.a.transfermarkt.technology/portrait/big/111051-1547722265.jpg
Gideon Mensah;https://img.a.transfermarkt.technology/portrait/big/397171-1565700436.jpg
Quentin Merlin;https://img.a.transfermarkt.technology/portrait/big/557613-1704213356.jpg
Rafik Messali;https://img.a.transfermarkt.technology/portrait/big/default.jpg
Thomas Meunier;https://img.a.transfermarkt.technology/portrait/big/100986-1662361426.jpg
Lucas Michel;https://img.a.transfermarkt.technology/portrait/big/83983-1494842682.jpg
Georges Mikautadze;https://img.a.transfermarkt.technology/portrait/big/729814-1719222514.jpg
Igor Miladinovi?;https://img.a.transfermarkt.technology/portrait/big/729872-1727721630.jpg
Takumi Minamino;https://img.a.transfermarkt.technology/portrait/big/165793-1565700962.jpg
Lucas Mincarelli;https://img.a.transfermarkt.technology/portrait/big/982393-1726265130.jpg
Mostafa Mohamed;https://img.a.transfermarkt.technology/portrait/big/462348-1703065403.jpg
Florent Mollet;https://img.a.transfermarkt.technology/portrait/big/222859-1704213537.jpg
Diego Moreira;https://img.a.transfermarkt.technology/portrait/big/655006-1732575837.png
Gabriel Moscardo;https://img.a.transfermarkt.technology/portrait/big/1086636-1724752763.png
Yael Mouanga;https://img.a.transfermarkt.technology/portrait/big/default.jpg
Aimen Moueffek;https://img.a.transfermarkt.technology/portrait/big/484992-1727722286.jpg
Youssoufa Moukoko;https://img.a.transfermarkt.technology/portrait/big/467720-1709561463.jpg
Louis Mouton;https://img.a.transfermarkt.technology/portrait/big/904662-1727722197.jpg
Ngal'Ayel Mukau;https://img.a.transfermarkt.technology/portrait/big/1016015-1718287299.jpg
Marshall Munetsi;https://img.a.transfermarkt.technology/portrait/big/414908-1723836952.png
Junior Mwanga;https://img.a.transfermarkt.technology/portrait/big/1011200-1732575482.png
Djylian N'Guessan;https://img.a.transfermarkt.technology/portrait/big/1200419-1736786320.jpg
Mickael Nade;https://img.a.transfermarkt.technology/portrait/big/494586-1727722979.jpg
Bilal Nadir;https://img.a.transfermarkt.technology/portrait/big/659520-1653405768.jpg
Mahamadou Nagida;https://img.a.transfermarkt.technology/portrait/big/1176345-1702911497.jpg
Keito Nakamura;https://img.a.transfermarkt.technology/portrait/big/405397-1723837290.png
Sebastian Nanasi;https://img.a.transfermarkt.technology/portrait/big/579928-1732576164.png
Yael Nandjou;https://img.a.transfermarkt.technology/portrait/big/default.jpg
Youssouf Ndayishimiye;https://img.a.transfermarkt.technology/portrait/big/674612-1667045688.png
Junior Ndiaye;https://img.a.transfermarkt.technology/portrait/big/default.jpg
Rassoul Ndiaye;https://img.a.transfermarkt.technology/portrait/big/662242-1654095080.jpg
Tanguy Ndombele;https://img.a.transfermarkt.technology/portrait/big/450936-1561540648.jpg
Loïc Nego;https://img.a.transfermarkt.technology/portrait/big/122840-1700236720.jpg
João Neves;https://img.a.transfermarkt.technology/portrait/big/670681-1701295511.jpg
Mikayil Ngor Faye;https://img.a.transfermarkt.technology/portrait/big/666974-1637834339.jpg
Steve Ngoura;https://img.a.transfermarkt.technology/portrait/big/923838-1725962124.jpg
Moussa Niakhate;https://img.a.transfermarkt.technology/portrait/big/291200-1700737208.jpg
Abdoulaye Niakhate Ndiaye;https://img.a.transfermarkt.technology/portrait/big/673514-1684140965.jpg
Ibrahima Niane;https://img.a.transfermarkt.technology/portrait/big/490417-1511780508.jpg
Rasmus Nicolaisen;https://img.a.transfermarkt.technology/portrait/big/283227-1626438001.jpg
Arnaud Nordin;https://img.a.transfermarkt.technology/portrait/big/324811-1702663034.JPG
Ernest Nuamah;https://img.a.transfermarkt.technology/portrait/big/955070-1702991257.jpg
Rabby Nzingoula;https://img.a.transfermarkt.technology/portrait/big/1068110-1716939175.jpg
M'Bala Nzola;https://img.a.transfermarkt.technology/portrait/big/354814-1664974000.jpg
Marwann Nzuzi;https://img.a.transfermarkt.technology/portrait/big/1052287-1727719825.jpg
Hamzat Ojediran;https://img.a.transfermarkt.technology/portrait/big/718312-1723133488.jpg
Joseph Okumu;https://img.a.transfermarkt.technology/portrait/big/453376-1723832031.png
Ben Old;https://img.a.transfermarkt.technology/portrait/big/617021-1727721943.jpg
Warmed Omari;https://img.a.transfermarkt.technology/portrait/big/711996-1632760467.jpg
Becir Omeragic;https://img.a.transfermarkt.technology/portrait/big/507344-1702665167.JPG
Ado Onaiwu;https://img.a.transfermarkt.technology/portrait/big/308133-1548926945.jpg
Christopher Operi;https://img.a.transfermarkt.technology/portrait/big/469976-1620901553.jpg
Victor Orakpo;https://img.a.transfermarkt.technology/portrait/big/1231401-1732833262.jpg
Gift Orban;https://img.a.transfermarkt.technology/portrait/big/1018259-1701690897.jpg
Gabriel Osho;https://img.a.transfermarkt.technology/portrait/big/364409-1684493913.jpg
Jibril Othman;https://img.a.transfermarkt.technology/portrait/big/782632-1727721458.jpg
Guimissongui Ouattara;
Kassoum Ouattara;https://img.a.transfermarkt.technology/portrait/big/947360-1726834011.jpg
Zinédine Ould Khaled;https://img.a.transfermarkt.technology/portrait/big/650104-1595883345.jpg
Beres Owusu;https://img.a.transfermarkt.technology/portrait/big/1052291-1727722504.jpg
Elisha Owusu;https://img.a.transfermarkt.technology/portrait/big/395695-1626767315.jpg
Willian Pacho;https://img.a.transfermarkt.technology/portrait/big/661171-1696508666.jpg
Nicolas Pallois;https://img.a.transfermarkt.technology/portrait/big/139279-1704213256.jpg
Kévin Pedro;https://img.a.transfermarkt.technology/portrait/big/955263-1727721169.jpg
Théo Pellenard;https://img.a.transfermarkt.technology/portrait/big/238716-1737046142.jpg
Timothee Pembele;https://img.a.transfermarkt.technology/portrait/big/538998-1602848514.jpg
Faris Pemi Moumbagna;https://img.a.transfermarkt.technology/portrait/big/599663-1699864871.jpg
Óscar Perea;https://img.a.transfermarkt.technology/portrait/big/1015624-1732575943.png
Mathias Pereira Lage;https://img.a.transfermarkt.technology/portrait/big/424072-1559892187.png
Lucas Perri;https://img.a.transfermarkt.technology/portrait/big/352041-1733188777.jpg
Gaëtan Perrin;https://img.a.transfermarkt.technology/portrait/big/353404-1672330321.jpg
Léo Pétrot;https://img.a.transfermarkt.technology/portrait/big/412829-1727723239.jpg
?or?e Petrovi?;https://img.a.transfermarkt.technology/portrait/big/465555-1732575132.png
Tom Pouilly;https://img.a.transfermarkt.technology/portrait/big/917817-1699472291.jpg
Adrien Rabiot;https://img.a.transfermarkt.technology/portrait/big/182913-1681462009.jpg
Gonçalo Ramos;https://img.a.transfermarkt.technology/portrait/big/550550-1681906158.jpg
Lilian Raolisoa;https://img.a.transfermarkt.technology/portrait/big/829874-1709203122.jpg
Rayan Raveloson;https://img.a.transfermarkt.technology/portrait/big/344576-1646079954.JPG
Guillaume Restes;https://img.a.transfermarkt.technology/portrait/big/912902-1676656145.jpg
Alexsandro Ribeiro;https://img.a.transfermarkt.technology/portrait/big/648020-1666689768.jpg
Valentin Rongier;https://img.a.transfermarkt.technology/portrait/big/332889-1703065877.jpg
Pablo Rosario;https://img.a.transfermarkt.technology/portrait/big/370791-1729863723.jpg
Jon Rowe;https://img.a.transfermarkt.technology/portrait/big/672381-1708003554.jpg
Fabián Ruiz Peña;https://img.a.transfermarkt.technology/portrait/big/350219-1718958379.jpg
Gerónimo Rulli;https://img.a.transfermarkt.technology/portrait/big/229604-1698670758.jpg
Emmanuel Sabbi;https://img.a.transfermarkt.technology/portrait/big/381187-1691600197.jpg
Falaye Sacko;https://img.a.transfermarkt.technology/portrait/big/364857-1702665617.JPG
Matvei Safonov;
Modibo Sagnan;https://img.a.transfermarkt.technology/portrait/big/524925-1548769689.jpg
Osame Sahraoui;https://img.a.transfermarkt.technology/portrait/big/580657-1723713882.jpg
Wesley Saïd;https://img.a.transfermarkt.technology/portrait/big/182916-1593971458.jpg
Théo Sainte-Luce;https://img.a.transfermarkt.technology/portrait/big/537127-1702665584.JPG
Ibrahim Salah;https://img.a.transfermarkt.technology/portrait/big/928323-1659944229.jpg
Amine Salama;https://img.a.transfermarkt.technology/portrait/big/980576-1723837386.png
Mohammed Salisu;https://img.a.transfermarkt.technology/portrait/big/563963-1668428508.jpg
Yoann Salmier;https://img.a.transfermarkt.technology/portrait/big/351843-1551180384.jpg
Mama Samba Baldé;https://img.a.transfermarkt.technology/portrait/big/325223-1702991373.jpg
Mama Samba Baldé;https://img.a.transfermarkt.technology/portrait/big/325223-1702991373.jpg
Brice Samba;https://img.a.transfermarkt.technology/portrait/big/191056-1602242038.jpg
Arouna Sangante;https://img.a.transfermarkt.technology/portrait/big/768380-1661006246.jpg
Nhoa Sangui;https://img.a.transfermarkt.technology/portrait/big/955281-1723838815.png
Baptiste Santamaria;https://img.a.transfermarkt.technology/portrait/big/285323-1666698827.jpg
Andrey Santos;https://img.a.transfermarkt.technology/portrait/big/743600-1732576153.png
Tiago Santos;https://img.a.transfermarkt.technology/portrait/big/816580-1708342212.jpg
Malang Sarr;https://img.a.transfermarkt.technology/portrait/big/344596-1606395203.png
Mamadou Sarr;https://img.a.transfermarkt.technology/portrait/big/910905-1732575264.png
Martin Satriano;https://img.a.transfermarkt.technology/portrait/big/640109-1626685122.jpg
Téji Savanier;https://img.a.transfermarkt.technology/portrait/big/127156-1702663364.JPG
Niklas Schmidt;https://img.a.transfermarkt.technology/portrait/big/275249-1660208599.jpg
Jérémy Sebas;https://img.a.transfermarkt.technology/portrait/big/999229-1732575951.png
Alidu Seidu;https://img.a.transfermarkt.technology/portrait/big/798404-1679507806.jpg
Marvin Senaya;https://img.a.transfermarkt.technology/portrait/big/830890-1732575526.png
Djibril Sidibé;https://img.a.transfermarkt.technology/portrait/big/161869-1604261378.jpg
Vincent Sierro;https://img.a.transfermarkt.technology/portrait/big/280387-1708555105.jpg
Caio Henrique Oliveira Silva;https://img.a.transfermarkt.technology/portrait/big/420064-1614091193.jpg
Abdallah Sima;https://img.a.transfermarkt.technology/portrait/big/776798-1672669896.jpg
Moses Simon;https://img.a.transfermarkt.technology/portrait/big/274862-1703065226.jpg
Lassine Sinayoko;https://img.a.transfermarkt.technology/portrait/big/569140-1635851830.jpg
Wilfried Singo;https://img.a.transfermarkt.technology/portrait/big/648779-1661511097.jpg
Ibrahim Sissoko;https://img.a.transfermarkt.technology/portrait/big/484888-1727721906.jpg
Niama Sissoko;https://img.a.transfermarkt.technology/portrait/big/1228320-1723838592.png
Leo Skiri Østigård;https://img.a.transfermarkt.technology/portrait/big/367284-1708552959.jpg
Milan kriniar;
Naatan Skyttä;https://img.a.transfermarkt.technology/portrait/big/567309-1708556405.jpg
Eduard Sobol;https://img.a.transfermarkt.technology/portrait/big/206717-1732575854.png
Florian Sotoca;https://img.a.transfermarkt.technology/portrait/big/354726-1701294869.jpg
Issa Soumaré;https://img.a.transfermarkt.technology/portrait/big/568698-1669738231.jpg
Saidou Sow;https://img.a.transfermarkt.technology/portrait/big/807128-1732575624.png
Lucas Stassin;https://img.a.transfermarkt.technology/portrait/big/655012-1727721924.jpg
Enzo Sternal;https://img.a.transfermarkt.technology/portrait/big/1075589-1725447900.jpg
Gabriel Suazo;https://img.a.transfermarkt.technology/portrait/big/385105-1718986679.jpg
Abakar Sylla;https://img.a.transfermarkt.technology/portrait/big/962555-1732575720.png
Issiaga Sylla;https://img.a.transfermarkt.technology/portrait/big/220878-1702665492.JPG
Musa Al-Taamari;
Nicolás Tagliafico;https://img.a.transfermarkt.technology/portrait/big/131225-1668181437.jpg
Florian Tardieu;https://img.a.transfermarkt.technology/portrait/big/212804-1727722208.jpg
Oussama Targhalline;https://img.a.transfermarkt.technology/portrait/big/667965-1669741468.png
Enzo Tchato;https://img.a.transfermarkt.technology/portrait/big/842338-1702665627.JPG
Tanner Tessmann;https://img.a.transfermarkt.technology/portrait/big/670096-1722196121.jpg
Teddy Teuma;https://img.a.transfermarkt.technology/portrait/big/409153-1723821029.png
Jordan Teze;https://img.a.transfermarkt.technology/portrait/big/364245-1707214531.jpg
Sorba Thomas;https://img.a.transfermarkt.technology/portrait/big/475416-1668520548.jpg
Adrien Thomasson;https://img.a.transfermarkt.technology/portrait/big/215977-1673538425.jpg
Corentin Tolisso;https://img.a.transfermarkt.technology/portrait/big/190393-1672830594.jpg
Abdoulaye Touré;https://img.a.transfermarkt.technology/portrait/big/181382-1485420758.jpg
Birama Touré;https://img.a.transfermarkt.technology/portrait/big/229853-1599424312.jpg
Ousmane Toure;https://img.a.transfermarkt.technology/portrait/big/990732-1711305319.jpg
Adrien Truffert;https://img.a.transfermarkt.technology/portrait/big/654539-1616684807.jpg
Vanderson;https://img.a.transfermarkt.technology/portrait/big/789082-1655282894.jpg
Jordan Veretout;https://img.a.transfermarkt.technology/portrait/big/164771-1666815169.jpg
Ben Viadere;https://img.a.transfermarkt.technology/portrait/big/default.jpg
Vitinha;https://img.a.transfermarkt.technology/portrait/big/487469-1672303629.jpg
Ibrahima Wadji;https://img.a.transfermarkt.technology/portrait/big/364232-1727721772.jpg
Elye Wahi;https://img.a.transfermarkt.technology/portrait/big/659542-1736944991.jpg
Caleb Wiley;https://img.a.transfermarkt.technology/portrait/big/746833-1732575786.png
Christopher Wooh;https://img.a.transfermarkt.technology/portrait/big/572326-1725959929.jpg
Etienne Youte Kinkoue;https://img.a.transfermarkt.technology/portrait/big/639712-1732894435.jpg
Yoram Zague;https://img.a.transfermarkt.technology/portrait/big/1047097-1716562778.jpg
Wilfried Zaha;https://img.a.transfermarkt.technology/portrait/big/145988-1701182730.png
Warren Zaïre-Emery;https://img.a.transfermarkt.technology/portrait/big/810092-1672303575.jpg
Miha Zajc;https://img.a.transfermarkt.technology/portrait/big/149829-1696449687.png
Denis Zakaria;https://img.a.transfermarkt.technology/portrait/big/334526-1667990520.jpg
Anass Zaroury;https://img.a.transfermarkt.technology/portrait/big/491296-1626771045.jpg
Nathan Zeze;https://img.a.transfermarkt.technology/portrait/big/923832-1703065128.jpg
Edon Zhegrova;https://img.a.transfermarkt.technology/portrait/big/496857-1642174107.jpg
Luc Zogbé;https://img.a.transfermarkt.technology/portrait/big/1144999-1725882803.jpg
Aristide Zossou;https://img.a.transfermarkt.technology/portrait/big/default.jpg
Yanis Zouaoui;https://img.a.transfermarkt.technology/portrait/big/default.jpg
